Unique_vin;condition;year;make;model;trim;body;transmission;state;odometer;color;interior;seller;mmr;sellingprice;sale_time;Day_of_week;sale_date;Price_category;mileage_category;Car_type
1n4al3ap1fn326013;1;2015;Nissan;Altima;2.5 S;Sedan;automatic;ca;5554;gray;black;enterprise vehicle exchange / tra / rental / tulsa;15350;10900;12:00:00;Tue;Dec 30 2014;cheap;low_mileage;new
1g1pe5sb6e7118217;34;2014;Chevrolet;Cruze;2LT;Sedan;automatic;ca;40661;silver;black;avis corporation;13050;13000;03:30:00;Thu;Jan 22 2015;cheap;low_mileage;new
wauacgff6f1029938;2;2015;Audi;A3;1.8 TFSI Premium;Sedan;automatic;ca;31;white;black;enterprise vehicle exchange / tra / rental / tulsa;24200;17300;12:00:00;Tue;Dec 23 2014;cheap;low_mileage;new
5xyktca6xfg560888;5;2015;Kia;Sorento;LX;SUV;automatic;ca;14176;white;black;kia motors america  inc;20600;21250;12:30:00;Tue;Dec 16 2014;cheap;low_mileage;new
wbayp9c55ed169261;4;2014;BMW;6 Series;650i;Convertible;automatic;ca;8037;black;black;the hertz corporation;67000;65000;12:30:00;Tue;Jan 06 2015;expensive;low_mileage;new
wbavm1c53evw47779;48;2014;BMW;X1;sDrive28i;SUV;automatic;ca;19689;white;black;financial services remarketing (lease);23700;26500;12:30:00;Thu;Dec 18 2014;cheap;low_mileage;new
1g1pe5sb8e7420706;2;2014;Chevrolet;Cruze;2LT;Sedan;automatic;ca;8154;silver;black;enterprise vehicle exchange / tra / rental / tulsa;14150;10000;12:00:00;Thu;Dec 18 2014;cheap;low_mileage;new
1g1pc5sbxe7113253;28;2014;Chevrolet;Cruze;1LT;Sedan;null;ca;40393;gray;black;avis corporation;11450;11700;15:00:00;Tue;Dec 30 2014;cheap;low_mileage;new
5xyktca61fg560973;48;2015;Kia;Sorento;LX;SUV;automatic;ca;13031;purple;black;kia motors america  inc;20600;20750;12:30:00;Tue;Dec 16 2014;cheap;low_mileage;new
5npdh4ae9dh235016;49;2013;Hyundai;Elantra;GLS;Sedan;manual;ca;2606;white;beige;hyundai motor america/co car;13450;12300;12:00:00;Tue;Dec 16 2014;cheap;low_mileage;new
5npeb4ac5dh771160;36;2013;Hyundai;Sonata;GLS;Sedan;automatic;ca;28231;gray;gray;gm financial;12650;13400;12:30:00;Wed;Dec 17 2014;cheap;low_mileage;new
5npec4ac6dh513954;37;2013;Hyundai;Sonata;Limited;Sedan;automatic;ca;35428;black;beige;hyundai motor finance;16000;16200;04:30:00;Tue;Jan 13 2015;cheap;low_mileage;new
jn1cv6ap6dm711376;35;2013;Infiniti;G Sedan;G37 Journey;G Sedan;automatic;ca;25132;white;black;nissan infiniti lt;22600;23500;12:30:00;Thu;Dec 18 2014;cheap;low_mileage;new
kmhct4ae3du421257;36;2013;Hyundai;Accent;GLS;Sedan;automatic;ca;41841;gray;beige;dtg operations inc;9425;9400;12:30:00;Tue;Dec 16 2014;cheap;low_mileage;new
5xyzwdla8dg094937;5;2013;Hyundai;Santa Fe;Sport 2.0T;SUV;automatic;ca;10747;black;black;hyundai motor america/co car;19850;25800;12:00:00;Tue;Dec 16 2014;cheap;low_mileage;new
jn1cv6ap0dm713933;43;2013;Infiniti;G Sedan;G37 Journey;G Sedan;automatic;ca;26396;gray;black;nissan infiniti lt;22500;23750;12:30:00;Thu;Dec 18 2014;cheap;low_mileage;new
kmhgh4jh3du064689;43;2013;Hyundai;Equus;Ultimate;Sedan;automatic;ca;11566;white;beige;hyundai buybacks;36800;25000;12:00:00;Tue;Dec 16 2014;cheap;low_mileage;new
kmhtc6ae3du146243;42;2013;Hyundai;Veloster;Turbo;Hatchback;automatic;ca;8467;black;black;hyundai motor america/co car;15050;16300;12:00:00;Tue;Dec 16 2014;cheap;low_mileage;new
jn1cv6ap0dm714516;4;2013;Infiniti;G Sedan;G37 Journey;G Sedan;automatic;ca;15260;silver;black;nissan infiniti lt;23800;24500;12:30:00;Thu;Dec 18 2014;cheap;low_mileage;new
jn1cv6ap2dm714792;41;2013;Infiniti;G Sedan;G37 Journey;G Sedan;automatic;ca;29731;white;beige;nissan infiniti lt;22100;21000;12:30:00;Thu;Dec 18 2014;cheap;low_mileage;new
kmhgc4dd2du221961;46;2013;Hyundai;Genesis;3.8;Sedan;automatic;ca;20952;silver;black;hyundai motor america/co car;18650;22200;12:00:00;Tue;Dec 16 2014;cheap;low_mileage;new
5npeb4ac7dh680813;38;2013;Hyundai;Sonata;GLS;Sedan;automatic;ca;40322;silver;gray;avis corporation;11900;12300;12:30:00;Tue;Dec 16 2014;cheap;low_mileage;new
jn1cv6apxdm714880;41;2013;Infiniti;G Sedan;G37 Journey;G Sedan;automatic;ca;17672;black;black;nissan infiniti lt;23500;21500;12:30:00;Thu;Dec 18 2014;cheap;low_mileage;new
jn1cv6ap3dm713554;37;2013;Infiniti;G Sedan;G37 Journey;G Sedan;automatic;ca;16486;black;black;nissan infiniti lt;23700;24000;12:30:00;Thu;Dec 18 2014;cheap;low_mileage;new
jn1cv6ap3dm712825;39;2013;Infiniti;G Sedan;G37 Journey;G Sedan;automatic;ca;13632;gray;gray;nissan infiniti lt;24000;22000;12:30:00;Thu;Dec 18 2014;cheap;low_mileage;new
5npdh4aexdh317398;1;2013;Hyundai;Elantra;GLS;Sedan;automatic;ca;41710;gray;gray;enterprise vehicle exchange / tra / rental / tulsa;11150;7700;12:00:00;Tue;Dec 16 2014;cheap;low_mileage;new
1n4al3ap2dc275940;44;2013;Nissan;Altima;2.5;Sedan;automatic;ca;44303;silver;black;enterprise vehicle exchange/orange;12550;13000;12:30:00;Wed;Dec 17 2014;cheap;low_mileage;new
jn1by1ap0dm513625;46;2013;Infiniti;M;M37;Sedan;automatic;ca;10808;—;black;nissan north america inc.;33900;33500;04:30:00;Thu;Jan 15 2015;medium;low_mileage;new
knagm4ad6d5055554;42;2013;Kia;Optima;EX Hybrid;Sedan;automatic;ca;19543;black;gray;kia motors america  inc;15900;16100;12:30:00;Tue;Dec 16 2014;cheap;low_mileage;new
jn1az4fh8dm790096;43;2013;Nissan;370Z;Base;Convertible;automatic;ca;445;silver;black;nissan north america inc.;29800;28750;12:30:00;Tue;Dec 16 2014;cheap;low_mileage;new
wmwzf3c54dt489938;37;2013;MINI;Cooper Clubman;Base;Hatchback;automatic;ca;36498;green;beige;avis rac/san leandro;13550;13600;12:30:00;Wed;Dec 17 2014;cheap;low_mileage;new
jn1az4eh8dm881810;38;2013;Nissan;370Z;Base;Coupe;automatic;ca;10506;black;black;nissan north america inc.;23600;21500;12:30:00;Tue;Dec 16 2014;cheap;low_mileage;new
1n4al3ap4dc259156;38;2013;Nissan;Altima;2.5;Sedan;automatic;ca;38395;white;black;merchants automotive group;12850;13100;12:30:00;Wed;Dec 17 2014;cheap;low_mileage;new
1n4al3ap5dn450766;45;2013;Nissan;Altima;2.5;Sedan;automatic;ca;48463;white;beige;wheels exchange llc;12350;14000;12:30:00;Wed;Dec 17 2014;cheap;medium_mileage;new
jm1bl1upxd1794194;2;2013;Mazda;Mazda3;i Sport;Sedan;automatic;ca;45649;black;black;jpmorgan chase bank n.a.;10250;10000;12:30:00;Tue;Dec 16 2014;cheap;medium_mileage;new
jm1cw2bl1d0154950;29;2013;Mazda;Mazda5;Sport;Minivan;automatic;ca;40275;gray;black;enterprise vehicle exchange/orange;12050;12200;12:30:00;Tue;Dec 16 2014;cheap;low_mileage;new
5xxgm4a7xdg239856;38;2013;Kia;Optima;LX;Sedan;null;ca;17689;purple;gray;kia motors finance;13900;14800;12:00:00;Tue;Dec 16 2014;cheap;low_mileage;new
4jgda5jb8da218923;5;2013;Mercedes-Benz;M-Class;ML350;SUV;automatic;ca;6536;silver;black;mercedes-benz finc services premier program;40400;42750;12:30:00;Thu;Dec 18 2014;medium;low_mileage;new
1n4al2ep3dc223558;34;2013;Nissan;Altima;2.5 S;Coupe;automatic;ca;36975;red;black;avis rac/san leandro;13000;13500;12:30:00;Wed;Dec 17 2014;cheap;low_mileage;new
wddgj4hbxdf967359;41;2013;Mercedes-Benz;C-Class;C250;Coupe;automatic;ca;16486;—;black;mercedes-benz financial services;25600;23500;04:30:00;Thu;Jan 15 2015;cheap;low_mileage;new
jn8as5mt1dw510445;44;2013;Nissan;Rogue;SV;SUV;automatic;ca;12194;gray;black;nissan motor acceptance corporation;16000;16250;12:30:00;Tue;Dec 16 2014;cheap;low_mileage;new
jn8ae2kp6d9060236;null;2013;Nissan;Quest;SL;Minivan;automatic;ca;22654;black;gray;alliance motor cars;23000;22800;12:00:00;Thu;Dec 18 2014;cheap;low_mileage;new
5yfbu4ee8dp220569;35;2013;Toyota;Corolla;S Special Edition;Sedan;automatic;ca;19377;gray;gray;toyota financial services;11850;12400;00:00:00;Tue;Dec 23 2014;cheap;low_mileage;new
3n1ab7ap0dl726200;36;2013;Nissan;Sentra;FE+ SV;Sedan;automatic;ca;36247;black;black;avis corporation;11000;11400;12:30:00;Tue;Dec 16 2014;cheap;low_mileage;new
5yfbu4ee2dp124615;null;2013;Toyota;Corolla;LE;Sedan;automatic;ca;42988;gray;gray;hertz/tra;10900;4000;13:00:00;Tue;Dec 16 2014;cheap;low_mileage;new
wbalx3c52cc528799;36;2012;BMW;6 Series;650i;Coupe;automatic;ca;24452;white;brown;l m auto wholesale;44800;44000;12:30:00;Thu;Dec 18 2014;medium;low_mileage;new
19uua8f23ca002640;41;2012;Acura;TL;Base;Sedan;automatic;ca;28395;gray;black;ahfc/honda lease trust/hvt  inc. eot;19200;20200;12:00:00;Thu;Dec 18 2014;cheap;low_mileage;new
wbakb8c56cc964045;49;2012;bmw;750li;750li;null;automatic;ca;17647;gray;black;financial services remarketing (lease);49000;49000;12:30:00;Thu;Dec 18 2014;medium;low_mileage;new
wba3a5c5xcf346666;41;2012;BMW;3 Series;328i;Sedan;automatic;ca;36617;black;black;financial services remarketing (lease);23900;23500;12:30:00;Thu;Dec 18 2014;cheap;low_mileage;new
wbalz3c53cdl72437;46;2012;BMW;6 Series;650i;Convertible;null;ca;42686;gray;black;financial services remarketing (lease);43300;41100;04:30:00;Thu;Jan 29 2015;medium;low_mileage;new
wbaxg5c53cdx03584;38;2012;BMW;5 Series;528i;Sedan;automatic;ca;59814;white;black;financial services remarketing (lease);26500;28000;12:30:00;Thu;Dec 18 2014;cheap;medium_mileage;new
jh4cu2f44cc006621;45;2012;Acura;TSX;Base;Sedan;automatic;ca;23568;white;gray;ahfc/honda lease trust/hvt  inc. eot;17450;19100;12:00:00;Thu;Dec 18 2014;cheap;low_mileage;new
wbakb8c53cc963094;47;2012;bmw;750li;750li;null;automatic;ca;32267;blue;gray;financial services remarketing (lease);45700;45000;12:30:00;Thu;Jan 15 2015;medium;low_mileage;new
wbaka4c55cc613607;43;2012;BMW;7 Series;740i;Sedan;automatic;ca;47390;black;black;financial services remarketing (lease);33100;34250;04:30:00;Thu;Jan 29 2015;medium;medium_mileage;new
wbadw7c50ce729202;27;2012;BMW;3 Series;328i;Convertible;automatic;ca;26285;gray;gray;financial services remarketing (lease);28800;26500;04:30:00;Thu;Jan 15 2015;cheap;low_mileage;new
3gyfnge34cs551059;35;2012;Cadillac;SRX;Base;SUV;automatic;ca;64568;black;gray;us bank;16350;15750;12:30:00;Thu;Dec 18 2014;cheap;medium_mileage;new
1g1pe5sc8c7272918;27;2012;Chevrolet;Cruze;LT Fleet;Sedan;automatic;ca;60360;white;black;jpmorgan chase bank n.a.;8300;8800;12:00:00;Thu;Dec 18 2014;cheap;medium_mileage;new
3fadp4ej1cm105661;37;2012;Ford;Fiesta;SE;Hatchback;manual;ca;36404;red;black;ford motor credit company llc pd;8700;8200;12:00:00;Thu;Dec 18 2014;cheap;low_mileage;new
1ftew1cm9ckd05952;46;2012;Ford;F-150;XLT;SuperCrew;null;ca;51189;gray;gray;ford motor credit company llc pd;19700;20200;12:00:00;Thu;Dec 18 2014;cheap;medium_mileage;new
1g1pf5sc5c7318718;42;2012;Chevrolet;Cruze;1LT;Sedan;automatic;ca;26691;white;gray;ge fleet services for itself/servicer;10450;11500;12:00:00;Tue;Dec 16 2014;cheap;low_mileage;new
1c3ccbab7cn236141;null;2012;Chrysler;200;LX;Sedan;automatic;ca;1;gray;black;santander consumer;10450;1300;13:00:00;Tue;Dec 16 2014;cheap;low_mileage;new
1fahp3k20cl268649;29;2012;Ford;Focus;SE;Hatchback;automatic;ca;63205;black;black;dtg operations inc;8525;8300;12:30:00;Wed;Dec 17 2014;cheap;medium_mileage;new
1c3cdzab0cn322185;38;2012;Dodge;Avenger;SE;Sedan;automatic;ca;63184;gray;black;dtg operations inc;7950;8000;12:30:00;Wed;Dec 17 2014;cheap;medium_mileage;new
2c4rc1bg5cr304885;null;2012;Chrysler;Town and Country;Touring;Minivan;automatic;ca;71067;white;black;hertz/tra;11950;4000;13:00:00;Tue;Dec 16 2014;cheap;medium_mileage;new
1ftne1ew7cda57433;2;2012;Ford;E-Series Van;E-150;E-Series Van;automatic;ca;46441;white;gray;enterprise vehicle exchange / tra / rental / tulsa;16000;11900;12:00:00;Tue;Dec 16 2014;cheap;medium_mileage;new
1fahp3f22cl294180;28;2012;Ford;Focus;SE;Sedan;automatic;ca;22548;black;gray;ford motor credit company llc pd;10500;10500;12:00:00;Thu;Dec 18 2014;cheap;low_mileage;new
5uxzv4c53cl762179;44;2012;BMW;X5;xDrive35i Premium;SUV;automatic;ca;48374;blue;gray;financial services remarketing (lease);35200;34750;04:30:00;Thu;Jan 29 2015;medium;medium_mileage;new
3fahp0ha9cr263531;27;2012;Ford;Fusion;SE;Sedan;automatic;ca;82128;silver;gray;wheels exchange llc;8275;9100;12:30:00;Wed;Dec 17 2014;cheap;medium_mileage;new
1g1pg5sc6c7329580;2;2012;Chevrolet;Cruze;2LT;Sedan;automatic;ca;62216;white;black;the hertz corporation/gm;9125;10000;12:30:00;Tue;Dec 16 2014;cheap;medium_mileage;new
3gnal3e50cs542737;25;2012;Chevrolet;Captiva Sport;1LT Fleet;SUV;automatic;ca;37049;white;black;the hertz corporation;11800;10000;04:00:00;Thu;Jan 29 2015;cheap;low_mileage;new
1g1za5e07cf312837;43;2012;Chevrolet;Malibu;LS Fleet;Sedan;automatic;ca;70402;white;gray;m/r motors inc;8200;9600;12:00:00;Thu;Dec 18 2014;cheap;medium_mileage;new
1fahp3e23cl410357;37;2012;Ford;Focus;S;Sedan;manual;ca;23903;blue;black;ford motor credit company llc;8475;8200;12:00:00;Thu;Dec 18 2014;cheap;low_mileage;new
1gcrcse01cz217074;36;2012;Chevrolet;Silverado 1500;LT;Extended Cab;automatic;ca;41875;black;black;wells fargo dealer services;19700;20100;12:00:00;Thu;Dec 18 2014;cheap;low_mileage;new
2g1wf5e34c1122872;36;2012;Chevrolet;Impala;LS Fleet;Sedan;automatic;ca;81991;black;black;exeter finance corp;7700;8200;12:00:00;Thu;Dec 18 2014;cheap;medium_mileage;new
1hgcp2f64ca037696;26;2012;Honda;Accord;SE;Sedan;automatic;ca;24390;black;black;ahfc/honda lease trust/hvt  inc. eot;13500;13000;12:00:00;Thu;Dec 18 2014;cheap;low_mileage;new
1hgcp2f32ca063476;37;2012;Honda;Accord;LX;Sedan;automatic;ca;53340;gray;gray;ahfc/honda lease trust/hvt  inc.;11100;12300;12:00:00;Thu;Dec 18 2014;cheap;medium_mileage;new
kmhec4a45ca055348;42;2012;Hyundai;Sonata Hybrid;Base;Sedan;automatic;ca;11427;blue;gray;hyundai motor finance;15000;16400;12:00:00;Tue;Dec 16 2014;cheap;low_mileage;new
1hgcp2f32ca042692;39;2012;Honda;Accord;LX;Sedan;automatic;ca;43775;black;beige;ahfc/honda lease trust/hvt  inc. eot;11550;13000;12:00:00;Thu;Dec 18 2014;cheap;low_mileage;new
5j6tf1h57cl001628;43;2012;Honda;Crosstour;EX-L;Hatchback;automatic;ca;25162;white;beige;ahfc/honda lease trust/hvt  inc. eot;19050;20200;12:00:00;Thu;Dec 18 2014;cheap;low_mileage;new
19xfb2f5xce366482;37;2012;Honda;Civic;LX;Sedan;automatic;ca;43894;black;gray;ahfc/honda lease trust/hvt  inc.;10750;12000;12:00:00;Thu;Dec 18 2014;cheap;low_mileage;new
5npeb4ac3ch290449;4;2012;Hyundai;Sonata;GLS;Sedan;automatic;ca;42665;blue;gray;hyundai motor america/co car;10800;11600;12:00:00;Tue;Dec 16 2014;cheap;low_mileage;new
kmhgc4dd2cu159668;34;2012;Hyundai;Genesis;3.8;Sedan;automatic;ca;74227;purple;beige;hyundai motor finance;12750;13800;12:30:00;Tue;Jan 13 2015;cheap;medium_mileage;new
1zvbp8am1c5212091;41;2012;Ford;Mustang;V6;Coupe;automatic;ca;64757;white;black;chrysler capital;12750;13250;12:00:00;Thu;Dec 18 2014;cheap;medium_mileage;new
1hgcp2f87ca065414;46;2012;Honda;Accord;EX-L;Sedan;automatic;ca;39312;black;black;ahfc/honda lease trust/hvt  inc. eot;14200;15800;12:00:00;Thu;Dec 18 2014;cheap;low_mileage;new
jn8as1mwxcm153862;35;2012;Infiniti;FX;FX35;SUV;automatic;ca;31204;black;beige;the hertz corporation;30000;26250;12:30:00;Tue;Dec 30 2014;cheap;low_mileage;new
5xykt3a13cg279841;48;2012;Kia;Sorento;LX;SUV;automatic;ca;81598;silver;black;kia motors finance;11150;11900;12:30:00;Tue;Jan 13 2015;cheap;medium_mileage;new
wmwsu3c57ct254519;4;2012;MINI;Cooper;Base;Hatchback;automatic;ca;39841;gray;—;bmw mini financial services;13200;13500;12:30:00;Thu;Dec 18 2014;cheap;low_mileage;new
wmwsu3c55ct256804;39;2012;MINI;Cooper;Base;Hatchback;automatic;ca;26366;white;—;bmw mini financial services;14300;14000;12:30:00;Thu;Dec 18 2014;cheap;low_mileage;new
sajwa4fb2clb47841;21;2012;Jaguar;XK;Base;Coupe;automatic;ca;9708;black;black;jpmorgan chase bank n.a.;48500;43200;12:30:00;Thu;Dec 18 2014;medium;low_mileage;new
wddgf4hbxca673179;35;2012;Mercedes-Benz;C-Class;C250 Sport;Sedan;automatic;ca;33699;white;black;mercedes-benz financial services;21700;21250;12:30:00;Thu;Dec 18 2014;cheap;low_mileage;new
wmwsv3c58cty26856;4;2012;MINI;Cooper;S;Hatchback;manual;ca;25071;blue;—;bmw mini financial services;16100;16750;04:30:00;Thu;Jan 15 2015;cheap;low_mileage;new
1yvhz8bh5c5m05184;31;2012;Mazda;Mazda6;i Sport;Sedan;automatic;ca;49626;black;black;jpmorgan chase bank n.a.;9600;10750;12:30:00;Tue;Dec 16 2014;cheap;medium_mileage;new
jn1cv6ek9cm422005;42;2012;Infiniti;G Coupe;G37;G Coupe;automatic;ca;44470;black;black;nissan infiniti lt;20300;22500;12:30:00;Thu;Dec 18 2014;cheap;low_mileage;new
jthbf5c25c5181152;36;2012;Lexus;IS 250;Base;Sedan;automatic;ca;13661;black;black;lexus financial services;22800;23000;12:30:00;Wed;Dec 17 2014;cheap;low_mileage;new
jn1cv6ek4cm422185;35;2012;Infiniti;G Coupe;G37;G Coupe;automatic;ca;33491;gray;black;nissan infiniti lt;21600;23250;12:30:00;Wed;Dec 17 2014;cheap;low_mileage;new
wmwsu3c56ct257122;36;2012;MINI;Cooper;Base;Hatchback;automatic;ca;26865;blue;—;bmw mini financial services;13750;14250;04:30:00;Thu;Jan 15 2015;cheap;low_mileage;new
wmwsu3c56ct257413;37;2012;MINI;Cooper;Base;Hatchback;automatic;ca;43544;blue;—;bmw mini financial services;12900;12300;12:30:00;Thu;Dec 18 2014;cheap;low_mileage;new
jn1cv6ap2cm623102;33;2012;Infiniti;G Sedan;G37 Journey;G Sedan;automatic;ca;32906;gold;beige;nissan infiniti lt;21400;21000;12:30:00;Thu;Dec 18 2014;cheap;low_mileage;new
wmwsu3c53ct263928;45;2012;MINI;Cooper;Base;Hatchback;automatic;ca;28376;red;black;bmw mini financial services;14150;14000;12:30:00;Thu;Dec 18 2014;cheap;low_mileage;new
4a32b2ff6ce016184;41;2012;mitsubishi;galant;fe;null;automatic;ca;66882;red;black;dtg operations inc;7925;8400;12:30:00;Tue;Dec 16 2014;cheap;medium_mileage;new
1n4al2ap5cn547233;35;2012;Nissan;Altima;2.5 S;Sedan;automatic;ca;61267;red;black;sama california auto export inc;9925;9800;12:30:00;Tue;Dec 16 2014;cheap;medium_mileage;new
1n4al2ap5cn576568;29;2012;Nissan;Altima;2.5 S;Sedan;automatic;ca;53958;blue;black;santander consumer;10300;10000;12:00:00;Thu;Dec 18 2014;cheap;medium_mileage;new
3n1bc1cp0ck808394;25;2012;Nissan;Versa;1.8 S;Hatchback;automatic;ca;32712;silver;black;exeter finance corp;8750;8100;15:00:00;Tue;Dec 30 2014;cheap;low_mileage;new
1n4al2ap8cc153673;43;2012;Nissan;Altima;2.5 S;Sedan;automatic;ca;26506;white;tan;nissan-infiniti lt;12900;14750;12:30:00;Tue;Dec 16 2014;cheap;low_mileage;new
1n4al2ap4cn404113;44;2012;Nissan;Altima;2.5 S;Sedan;automatic;ca;45196;black;black;nissan-infiniti lt;11700;12200;12:30:00;Wed;Dec 17 2014;cheap;medium_mileage;new
1n4al2ap8cn474181;44;2012;Nissan;Altima;2.5 S;Sedan;automatic;ca;13853;white;gray;nissan-infiniti lt;13750;13250;12:30:00;Tue;Dec 16 2014;cheap;low_mileage;new
1n4al2ap1cc177703;38;2012;Nissan;Altima;2.5 S;Sedan;automatic;ca;65320;—;black;nissan-infiniti lt;10350;10250;12:30:00;Tue;Dec 16 2014;cheap;medium_mileage;new
1n4al2apxcn453946;42;2012;Nissan;Altima;2.5 S;Sedan;automatic;ca;74249;white;black;nissan motor acceptance corporation;9775;10250;12:30:00;Tue;Dec 16 2014;cheap;medium_mileage;new
ja4ap4au5cz004435;39;2012;Mitsubishi;Outlander Sport;SE;SUV;automatic;ca;28647;gray;black;first investors servicing corp;11300;11200;12:30:00;Tue;Dec 16 2014;cheap;low_mileage;new
jn8as5mt5cw259184;29;2012;Nissan;Rogue;S;SUV;automatic;ca;41350;red;black;santander consumer;13000;14000;12:00:00;Thu;Dec 18 2014;cheap;low_mileage;new
1n4al2ap3cn413739;41;2012;Nissan;Altima;2.5 S;Sedan;automatic;ca;6265;black;gray;nissan-infiniti lt;14250;13000;12:30:00;Tue;Dec 16 2014;cheap;low_mileage;new
wbafr7c52bc807666;27;2011;BMW;5 Series;535i;Sedan;automatic;ca;47803;gray;—;financial services remarketing (lease);27600;26000;04:30:00;Tue;Jan 06 2015;cheap;medium_mileage;new
wbake5c57be755504;38;2011;BMW;3 Series;328i;Coupe;automatic;ca;21150;white;gray;financial services remarketing (lease);21600;22250;12:30:00;Thu;Dec 18 2014;cheap;low_mileage;new
wbadw7c50be728159;24;2011;BMW;3 Series;328i;Convertible;automatic;ca;31572;white;—;financial services remarketing (lease);25800;23500;12:30:00;Tue;Dec 16 2014;cheap;low_mileage;new
wbaph5g53bnm77885;42;2011;BMW;3 Series;328i;Sedan;automatic;ca;42886;white;beige;financial services remarketing (lease);18050;18000;04:30:00;Thu;Jan 29 2015;cheap;low_mileage;new
wbake5c54be755489;27;2011;BMW;3 Series;328i;Coupe;automatic;ca;30517;black;black;financial services remarketing (lease);20500;19750;04:30:00;Thu;Jan 15 2015;cheap;low_mileage;new
wvwhp7an0ce531482;37;2012;Volkswagen;CC;Lux Limited PZEV;Sedan;automatic;ca;26245;black;black;mckenna volks;16550;16500;12:30:00;Wed;Dec 17 2014;cheap;low_mileage;new
yv4952bz9c1125705;48;2012;Volvo;XC70;3.2;Wagon;automatic;ca;27057;white;black;smith volvo inc;26300;26750;12:30:00;Tue;Dec 16 2014;cheap;low_mileage;new
wvgav7axxcw001891;1;2012;Volkswagen;Tiguan;SE;SUV;automatic;ca;15750;—;beige;vw credit;16950;13900;12:00:00;Tue;Dec 16 2014;cheap;low_mileage;new
wbafr7c57bc805654;46;2011;BMW;5 Series;535i;Sedan;automatic;ca;21645;black;black;financial services remarketing (lease);30800;34500;12:30:00;Thu;Dec 18 2014;medium;low_mileage;new
5yfbu4ee3cp012064;32;2012;Toyota;Corolla;S;Sedan;automatic;ca;46204;gray;black;toyota financial services;11450;10900;13:00:00;Wed;Dec 17 2014;cheap;medium_mileage;new
jn1dv6ap5bm830893;35;2011;Infiniti;G Sedan;G25;G Sedan;automatic;ca;39834;white;gray;nissan infiniti lt;16700;17000;12:30:00;Thu;Dec 18 2014;cheap;low_mileage;new
3fadp4bj1bm111964;41;2011;Ford;Fiesta;SE;Sedan;automatic;ca;73147;silver;black;star ford lincoln;6500;6800;12:30:00;Tue;Dec 16 2014;cheap;medium_mileage;new
1fdne1bw5bda95550;38;2011;ford;e150;wagon v8 xlt;null;automatic;ca;70945;white;gray;vpsi  inc;10950;14400;12:30:00;Wed;Dec 17 2014;cheap;medium_mileage;new
3fahp0ha9br274978;19;2011;Ford;Fusion;SE;Sedan;automatic;ca;96063;gray;gray;repo remarketing/schools first fcu;7225;5400;12:30:00;Wed;Dec 17 2014;cheap;medium_mileage;new
2fmdk3jc7bbb29890;23;2011;Ford;Edge;SEL;SUV;automatic;ca;37826;black;tan;ford motor credit company llc;17800;17300;12:00:00;Thu;Dec 18 2014;cheap;low_mileage;new
1gc1kyc8xbf134853;3;2011;Chevrolet;Silverado 2500HD;LTZ;Crew Cab;automatic;ca;113585;white;beige;tradewinds remarketing;30300;30000;12:00:00;Tue;Dec 16 2014;cheap;high_mileage;new
5npdh4ae6bh052914;39;2011;Hyundai;Elantra;GLS PZEV;Sedan;automatic;ca;42419;silver;gray;wells fargo dealer services;10050;11700;12:00:00;Thu;Dec 18 2014;cheap;low_mileage;new
2fmdk4kc9bbb55301;43;2011;Ford;Edge;Limited;SUV;automatic;ca;31519;black;black;ford motor credit company llc pd;22500;23300;12:00:00;Thu;Jan 08 2015;cheap;low_mileage;new
5xyzh4ag6bg087225;4;2011;Hyundai;Santa Fe;SE;SUV;automatic;ca;34104;blue;black;hyundai buybacks;14550;12400;12:00:00;Tue;Dec 16 2014;cheap;low_mileage;new
2g1wf5ek3b1251790;26;2011;Chevrolet;Impala;LS Fleet;Sedan;automatic;ca;79243;gray;gray;santander consumer;7225;8100;12:00:00;Thu;Dec 18 2014;cheap;medium_mileage;new
2ctalmec9b6320096;45;2011;GMC;Terrain;SLE-1;SUV;automatic;ca;41811;black;gray;donlen corporation;14050;15500;12:00:00;Thu;Dec 18 2014;cheap;low_mileage;new
1g1jc5sh3e4152858;null;2014;Chevrolet;Sonic;LT;Sedan;automatic;ca;9379;white;black;avis rac/san leandro;10400;9800;12:00:00;Tue;Dec 16 2014;cheap;low_mileage;new
2c4rc1bg1er269524;null;2014;Chrysler;Town and Country;Touring;Minivan;automatic;ca;16402;silver;black;avis rac/san leandro;19850;15100;12:00:00;Tue;Dec 16 2014;cheap;low_mileage;new
1g11h5sl7ef225787;1;2014;Chevrolet;Malibu;LTZ;Sedan;automatic;ca;20545;gray;black;enterprise vehicle exchange / tra / rental / tulsa;16000;12000;12:00:00;Tue;Dec 23 2014;cheap;low_mileage;new
1g1pg5sb0e7333392;28;2014;Chevrolet;Cruze;LTZ;Sedan;automatic;ca;9648;white;black;honda of santa maria;15150;12500;04:00:00;Thu;Jan 22 2015;cheap;low_mileage;new
2c3cdxbg4eh240616;null;2014;Dodge;Charger;SE;Sedan;automatic;ca;29951;white;black;enterprise vehicle exchange / tra / rental / tulsa;15450;6500;13:00:00;Tue;Dec 16 2014;cheap;low_mileage;new
1gcsgafx2e1145072;1;2014;Chevrolet;Express Cargo;1500;Van;automatic;ca;10428;white;—;enterprise vehicle exchange / tra / rental / tulsa;18350;3500;15:10:00;Wed;Dec 17 2014;cheap;low_mileage;new
2c3cdxbg1eh134608;39;2014;Dodge;Charger;SE;Sedan;automatic;ca;31991;black;black;chrysler capital;15350;17250;04:00:00;Thu;Jan 15 2015;cheap;low_mileage;new
2g11x5sl1e9285950;1;2014;Chevrolet;Impala;LS Fleet;Sedan;automatic;ca;21587;white;gray;hertz damaged liquidation;16400;7200;15:05:00;Wed;Dec 31 2014;cheap;low_mileage;new
1g1pg5sb5e7331055;1;2014;Chevrolet;Cruze;LTZ;Sedan;automatic;ca;17607;gray;black;enterprise vehicle exchange / tra / rental / tulsa;14850;11300;13:00:00;Tue;Dec 16 2014;cheap;low_mileage;new
2c3cdybt2eh224448;null;2014;Dodge;Challenger;R/T;Coupe;automatic;ca;10948;gray;black;avis rac/san leandro;24900;16700;13:00:00;Tue;Dec 16 2014;cheap;low_mileage;new
1g1pg5sb9e7300018;null;2014;Chevrolet;Cruze;LTZ;Sedan;automatic;ca;11302;red;black;enterprise vehicle exchange / tra / rental / tulsa;14950;10700;12:00:00;Thu;Dec 18 2014;cheap;low_mileage;new
2c4rdgcg6er347603;3;2014;Dodge;Grand Caravan;SXT;Minivan;automatic;ca;21545;white;black;enterprise holdings/gdp;16700;16900;04:30:00;Tue;Jan 20 2015;cheap;low_mileage;new
2c4rdgcg0er262496;3;2014;Dodge;Grand Caravan;SXT;Minivan;automatic;ca;23871;—;black;enterprise holdings/gdp;16600;15900;04:30:00;Tue;Jan 20 2015;cheap;low_mileage;new
1gnkrgkd3ej138955;38;2014;Chevrolet;Traverse;LT;SUV;automatic;ca;69242;white;gray;vpsi  inc;21600;16500;04:30:00;Wed;Jan 28 2015;cheap;medium_mileage;new
jn1cv6ap7bm509689;35;2011;Infiniti;G Sedan;G37 Journey;G Sedan;automatic;ca;27330;gray;black;nissan infiniti lt;20700;19750;12:30:00;Thu;Dec 18 2014;cheap;low_mileage;new
sajwa0he8bmr99939;42;2011;Jaguar;XF;Supercharged;Sedan;automatic;ca;22555;black;black;jpmorgan chase bank n.a.;31600;33500;12:30:00;Thu;Dec 18 2014;medium;low_mileage;new
sajwa0fb5bls02111;41;2011;Jaguar;XF;Base;Sedan;automatic;ca;26431;blue;gray;jpmorgan chase bank n.a.;25900;27500;12:30:00;Thu;Dec 18 2014;cheap;low_mileage;new
sajwa0gb2blr84088;35;2011;Jaguar;XF;Premium;Sedan;automatic;ca;59548;white;beige;jpmorgan chase bank n.a.;22500;18000;04:30:00;Thu;Jan 15 2015;cheap;medium_mileage;new
jn1cv6ek8bm215362;33;2011;Infiniti;G Coupe;G37;G Coupe;automatic;ca;36119;gray;black;nissan infiniti lt;20800;19000;12:30:00;Thu;Dec 18 2014;cheap;low_mileage;new
jn1cv6ek9bm215547;36;2011;Infiniti;G Coupe;G37;G Coupe;automatic;ca;27013;gray;black;nissan infiniti lt;21700;22000;12:30:00;Thu;Dec 18 2014;cheap;low_mileage;new
wddhf2eb9ba351922;44;2011;Mercedes-Benz;E-Class;E350 BlueTEC;Sedan;automatic;ca;61083;gray;beige;nvp remarketing;24000;25250;12:00:00;Tue;Dec 16 2014;cheap;medium_mileage;new
sajwa2gb3blv13689;29;2011;Jaguar;XJ;XJL;Sedan;automatic;ca;31000;blue;blue;jpmorgan chase bank n.a.;36400;36000;12:30:00;Thu;Dec 18 2014;medium;low_mileage;new
wmwzf3c56btx82057;42;2011;MINI;Cooper Clubman;Base;Hatchback;manual;ca;77878;white;black;autobahn west enterprises inc;10150;10200;12:30:00;Thu;Dec 18 2014;cheap;medium_mileage;new
salsh2e47ba269451;39;2011;Land Rover;Range Rover Sport;Supercharged;SUV;automatic;ca;59971;white;beige;jpmorgan chase bank n.a.;37900;37500;12:30:00;Thu;Dec 18 2014;medium;medium_mileage;new
jm1bl1vg4b1433667;43;2011;Mazda;Mazda3;i Touring;Sedan;automatic;ca;34335;gray;black;high bid trading co inc;10050;12500;12:15:00;Wed;Dec 17 2014;cheap;low_mileage;new
jn1cv6apxbm508844;43;2011;Infiniti;G Sedan;G37 Journey;G Sedan;automatic;ca;38636;black;black;nissan infiniti lt;19650;20500;12:30:00;Tue;Dec 23 2014;cheap;low_mileage;new
1j4nt1fa6bd248696;28;2011;Jeep;Compass;Base;SUV;automatic;ca;44208;white;—;bmw alphera/alphera financial services;10900;10400;12:30:00;Wed;Dec 17 2014;cheap;low_mileage;new
jn1cv6ar7bm407164;49;2011;Infiniti;G Sedan;G37x;G Sedan;automatic;ca;38538;black;black;nissan infiniti lt;19050;21000;12:30:00;Wed;Dec 17 2014;cheap;low_mileage;new
5n1ba0nf5bn619150;38;2011;Nissan;Armada;Platinum;SUV;automatic;ca;63026;red;black;nissan motor acceptance corporation;23600;22250;12:30:00;Wed;Dec 17 2014;cheap;medium_mileage;new
2cnalbew7a6377823;4;2010;Chevrolet;Equinox;LS;SUV;automatic;ca;77058;gray;black;ge capital fleet services;10000;10700;12:30:00;Wed;Dec 17 2014;cheap;medium_mileage;avarage
4t1bf3ek4bu764329;45;2011;Toyota;Camry;SE;Sedan;automatic;ca;19131;black;black;bmw alphera/alphera financial services;13700;15600;12:30:00;Wed;Dec 17 2014;cheap;low_mileage;new
1gnlreed8aj207007;19;2010;Chevrolet;Traverse;LS;SUV;automatic;ca;100441;blue;gray;santander consumer;9525;9000;12:00:00;Thu;Dec 18 2014;cheap;high_mileage;avarage
2g1fs1ew9a9216243;39;2010;Chevrolet;Camaro;1SS;Coupe;manual;ca;42836;yellow;black;santander consumer;18000;20900;12:00:00;Thu;Dec 18 2014;cheap;low_mileage;avarage
2t3bf4dv6bw143926;45;2011;Toyota;RAV4;Base;SUV;automatic;ca;25227;black;gray;ford motor credit company llc;15300;16100;12:00:00;Thu;Dec 18 2014;cheap;low_mileage;new
3n1ab6ap3bl724562;39;2011;Nissan;Sentra;2.0 SR;Sedan;automatic;ca;32993;black;gray;nissan-infiniti lt;9600;10800;12:30:00;Wed;Dec 17 2014;cheap;low_mileage;new
1g4gc5eg5af145375;23;2010;Buick;LaCrosse;CXL;Sedan;automatic;ca;102949;gray;beige;consumer portfolio services;9400;8400;12:30:00;Wed;Dec 17 2014;cheap;high_mileage;avarage
1n4al2ap5bn515946;34;2011;Nissan;Altima;2.5;Sedan;automatic;ca;49945;white;gray;nissan motor acceptance corporation;10600;11800;12:30:00;Wed;Dec 17 2014;cheap;medium_mileage;new
3gcrkse3xag108607;36;2010;Chevrolet;Silverado 1500;LT;Crew Cab;automatic;ca;45187;white;beige;merchants automotive group;23900;20600;12:00:00;Tue;Dec 23 2014;cheap;medium_mileage;avarage
jn8az2kr9bt212273;19;2011;Nissan;Cube;1.8 SL;Wagon;automatic;ca;104388;silver;black;jpmorgan chase bank n.a.;3475;6600;12:00:00;Thu;Dec 18 2014;cheap;high_mileage;new
1c3cc4fb2an213643;16;2010;Chrysler;Sebring;Touring;Sedan;automatic;ca;83565;white;black;cig financial;6225;5400;12:30:00;Wed;Dec 17 2014;cheap;medium_mileage;avarage
2b3ca3cv1ah307355;27;2010;Dodge;Charger;SXT Fleet;Sedan;automatic;ca;64682;black;black;repo remarketing/first imperial cu;10050;11300;12:30:00;Wed;Dec 17 2014;cheap;medium_mileage;avarage
4a32b2ff8be005010;26;2011;mitsubishi;galant;fe;null;automatic;ca;92904;red;gray;gm financial;5500;3600;12:30:00;Wed;Dec 17 2014;cheap;medium_mileage;new
jtezu5jr8b5023744;4;2011;Toyota;4Runner;Limited;SUV;automatic;ca;93112;black;blue;ge fleet services for itself/servicer;22300;23250;12:30:00;Thu;Dec 18 2014;cheap;medium_mileage;new
2t1bu4ee2bc652586;19;2011;Toyota;Corolla;S;Sedan;automatic;ca;45957;silver;black;tycon enterprises;10500;11100;12:30:00;Tue;Dec 16 2014;cheap;medium_mileage;new
jn8as5mt7bw183448;31;2011;Nissan;Rogue;SV;SUV;automatic;ca;25235;black;black;nissan-infiniti lt;15900;16250;12:30:00;Wed;Dec 17 2014;cheap;low_mileage;new
jtmhy7aj0b5011484;47;2011;Toyota;Land Cruiser;Base;SUV;automatic;ca;44968;silver;gray;millennium cars;48200;45250;12:15:00;Wed;Dec 17 2014;medium;low_mileage;new
4t4bf3ek7br162238;26;2011;Toyota;Camry;LE;Sedan;automatic;ca;49997;white;gray;skyhigh remarketing inc;10850;10750;12:15:00;Wed;Dec 17 2014;cheap;medium_mileage;new
1hgcp2f47aa092364;35;2010;Honda;Accord;LX-P;Sedan;automatic;ca;120844;silver;black;ahfc/honda lease trust/hvt  inc.;8400;8800;12:00:00;Thu;Dec 18 2014;cheap;high_mileage;avarage
2lmhj5fr6abj13406;32;2010;Lincoln;MKT;Base;Wagon;automatic;ca;99656;burgundy;black;tycon enterprises;12350;12400;04:30:00;Tue;Jan 20 2015;cheap;medium_mileage;avarage
1fahp3fn9aw296661;36;2010;Ford;Focus;SE;Sedan;automatic;ca;49974;blue;gray;primeritus remarketing/loan service center;7075;7700;12:30:00;Wed;Dec 17 2014;cheap;medium_mileage;avarage
jn8az1mu5aw016565;35;2010;Nissan;Murano;SL;SUV;automatic;ca;40051;burgundy;black;toyota scion of downtown la;16550;12500;12:30:00;Wed;Dec 17 2014;cheap;low_mileage;avarage
1nxbu4ee0az336682;36;2010;Toyota;Corolla;LE;Sedan;automatic;ca;39958;gold;tan;exeter finance corp;8725;10500;04:00:00;Thu;Jan 15 2015;cheap;low_mileage;avarage
1fmcu0dg4akd11795;43;2010;Ford;Escape;XLT;SUV;automatic;ca;51837;gray;black;us bank;9875;11000;12:30:00;Tue;Dec 30 2014;cheap;medium_mileage;avarage
1zvbp8en2a5166870;19;2010;Ford;Mustang;V6;Convertible;automatic;ca;99133;white;brown;tycon enterprises;8975;8600;12:30:00;Tue;Jan 06 2015;cheap;medium_mileage;avarage
3n1ab6ap9al709935;2;2010;Nissan;Sentra;2.0 SR;Sedan;automatic;ca;94622;red;gray;wells fargo dealer services;5250;5500;12:00:00;Thu;Dec 18 2014;cheap;medium_mileage;avarage
3n1bc1ap4al381554;27;2010;Nissan;Versa;1.8 S;Sedan;null;ca;55630;blue;black;santander consumer;6325;6800;12:00:00;Thu;Dec 18 2014;cheap;medium_mileage;avarage
wddng7bb4aa336308;37;2010;Mercedes-Benz;S-Class;S550;Sedan;automatic;ca;45188;silver;black;i auto sales inc;35800;36000;12:00:00;Thu;Dec 18 2014;medium;medium_mileage;avarage
knagg4a80a5372641;26;2010;Kia;Optima;LX;Sedan;automatic;ca;57354;black;gray;tycon enterprises;6825;7250;12:30:00;Tue;Jan 06 2015;cheap;medium_mileage;avarage
salfr2bn6ah208058;29;2010;Land Rover;LR2;HSE;SUV;automatic;ca;47273;white;beige;jaguar land rover thousand oaks;16400;15750;12:30:00;Thu;Dec 18 2014;cheap;medium_mileage;avarage
1fahp37n59w183056;35;2009;Ford;Focus;SEL;Sedan;automatic;ca;96588;silver;black;santander consumer;5600;7300;12:00:00;Thu;Dec 18 2014;cheap;medium_mileage;avarage
5fnyf48879b049245;null;2009;Honda;Pilot;Touring;SUV;automatic;ca;101408;gray;—;dublin honda;15600;15900;12:30:00;Wed;Dec 17 2014;cheap;high_mileage;avarage
wbaph57599nm33822;22;2009;BMW;3 Series;328i;Sedan;automatic;ca;162746;black;black;financial services remarketing (lease);7200;6750;12:00:00;Tue;Dec 16 2014;cheap;high_mileage;avarage
wbakb83529cy59916;null;2009;BMW;7 Series;750Li;Sedan;automatic;ca;51562;white;black;bmw of monrovia;27600;25600;12:00:00;Thu;Dec 18 2014;cheap;medium_mileage;avarage
1gnfc33079r299954;38;2009;Chevrolet;Tahoe;LTZ;SUV;automatic;ca;132335;white;beige;jpmorgan chase bank n.a.;14350;15500;12:00:00;Thu;Dec 18 2014;cheap;high_mileage;avarage
kmhcn46c99u371084;33;2009;Hyundai;Accent;GLS;Sedan;automatic;ca;65121;blue;beige;b & j car company;3500;5300;12:30:00;Wed;Dec 17 2014;cheap;medium_mileage;avarage
wdddj72x79a141839;37;2009;Mercedes-Benz;CLS-Class;CLS550;Sedan;automatic;ca;67439;silver;black;mossy ford;21800;24000;12:30:00;Wed;Dec 17 2014;cheap;medium_mileage;avarage
1hgcp26898a164324;41;2008;Honda;Accord;EX-L;Sedan;automatic;ca;108561;gray;gray;lucky imports;8900;10200;12:30:00;Wed;Dec 17 2014;cheap;high_mileage;avarage
1c3lc46j08n226103;28;2008;Chrysler;Sebring;LX;Sedan;automatic;ca;112983;silver;gray;first credit finance;4200;3550;12:30:00;Wed;Dec 17 2014;cheap;high_mileage;avarage
wbavb77598nh78998;39;2008;BMW;3 Series;335i;Sedan;automatic;ca;77581;silver;black;zeibak auto trading;11750;12000;12:30:00;Wed;Jan 07 2015;cheap;medium_mileage;avarage
jhmgd37418s004179;null;2008;Honda;Fit;Base;Hatchback;manual;ca;149757;red;black;honda of escondido;2900;2200;12:15:00;Wed;Dec 17 2014;cheap;high_mileage;avarage
2gcek19j081127879;null;2008;Chevrolet;Silverado 1500;LS;Extended Cab;automatic;ca;107520;gray;black;david wilsons ford of orange;13500;13500;12:30:00;Wed;Dec 17 2014;cheap;high_mileage;avarage
wbavb73578vh25688;null;2008;BMW;3 Series;335i;Sedan;null;ca;105788;white;—;champion chrysler jeep dodge;9250;10000;12:00:00;Thu;Dec 18 2014;cheap;high_mileage;avarage
1gnfc13j38r145155;37;2008;Chevrolet;Tahoe;LT;SUV;automatic;ca;108071;gray;black;felix chevrolet & cadillac;14950;14600;12:15:00;Wed;Dec 17 2014;cheap;high_mileage;avarage
waudn94f08n139322;29;2008;Audi;S6;quattro;Sedan;automatic;ca;131245;silver;black;bidlane llc;14750;17500;12:00:00;Tue;Dec 16 2014;cheap;high_mileage;avarage
1gnfk13048r270045;19;2008;Chevrolet;Tahoe;LT;SUV;automatic;ca;95079;white;black;premium auto wholesale;16500;16000;12:00:00;Thu;Dec 18 2014;cheap;medium_mileage;avarage
3vwjz71k29m008644;1;2009;Volkswagen;Jetta;S PZEV;Sedan;manual;ca;90827;—;black;vw credit;5225;3300;12:00:00;Tue;Dec 16 2014;cheap;medium_mileage;avarage
1fdne31l88db34238;4;2008;ford;e350;club wagon xlt;null;null;ca;109789;white;gray;tradewinds remarketing;8600;8000;12:00:00;Tue;Jan 06 2015;cheap;high_mileage;avarage
19uua76547a046561;35;2007;Acura;TL;Type-S;Sedan;automatic;ca;92844;white;gray;v/m auto broker;11150;13300;12:30:00;Tue;Dec 16 2014;cheap;medium_mileage;avarage
wbane535x7cy07224;33;2007;BMW;5 Series;525i;Sedan;automatic;ca;100662;black;beige;motor city buick gmc;8325;7900;12:30:00;Tue;Dec 16 2014;cheap;high_mileage;avarage
jtjbt20x580160960;43;2008;Lexus;GX 470;Base;SUV;automatic;ca;48297;gold;beige;desert auto trade;23000;26750;12:30:00;Tue;Dec 16 2014;cheap;medium_mileage;avarage
jtlke50e881038945;4;2008;Scion;xB;Base;Wagon;automatic;ca;52860;green;black;san diego sports cars;7775;10900;12:15:00;Wed;Dec 17 2014;cheap;medium_mileage;avarage
waulv44e27n015153;27;2007;Audi;A8;quattro;Sedan;automatic;ca;97059;silver;gray;lease remarketing services inc;12650;12500;12:30:00;Wed;Dec 17 2014;cheap;medium_mileage;avarage
3vwrz71k58m109145;31;2008;Volkswagen;Jetta;SEL PZEV;Sedan;automatic;ca;104453;white;gray;a l financial;4150;4600;12:30:00;Wed;Dec 17 2014;cheap;high_mileage;avarage
1g2zh57n384118972;1;2008;Pontiac;G6;GT;Sedan;automatic;ca;59144;black;gray;axcess financial;7125;1500;07:10:00;Wed;Feb 25 2015;cheap;medium_mileage;avarage
5tfru54188x013108;24;2008;Toyota;Tundra;SR5;Double Cab;automatic;ca;70545;white;beige;jpmorgan chase bank n.a.;14350;16500;12:00:00;Thu;Dec 18 2014;cheap;medium_mileage;avarage
3gscl537x8s513095;29;2008;Saturn;VUE;XR;SUV;automatic;ca;107602;black;gray;jpmorgan chase bank n.a.;5975;5600;12:00:00;Thu;Dec 18 2014;cheap;high_mileage;avarage
1d8gu58617w731943;42;2007;Dodge;Nitro;SLT;SUV;automatic;ca;120580;white;black;wheels exchange llc;7950;7300;12:30:00;Wed;Dec 17 2014;cheap;high_mileage;avarage
1gnfc13j07r178497;32;2007;Chevrolet;Tahoe;LT;SUV;automatic;ca;103251;white;black;afg/roquemore and roquemore inc;13850;12100;12:00:00;Thu;Jan 08 2015;cheap;high_mileage;avarage
wbxpc93417wf21427;null;2007;BMW;X3;3.0si;SUV;automatic;ca;83463;gold;—;stevens creek auto imports;11100;10250;12:30:00;Wed;Dec 17 2014;cheap;medium_mileage;avarage
3gcek13c07g544452;25;2007;Chevrolet;Silverado 1500;Work Truck;Crew Cab;automatic;ca;64992;blue;black;remarketing by ge/manheim san diego;16350;15600;16:00:00;Tue;Dec 23 2014;cheap;medium_mileage;avarage
knafe122075406449;19;2007;Kia;Spectra;SX;Sedan;automatic;ca;128466;silver;gray;santander consumer;1525;750;12:00:00;Thu;Dec 18 2014;cheap;high_mileage;avarage
1j4gb59177l160879;19;2007;Jeep;Wrangler;Unlimited Sahara;SUV;manual;ca;92300;red;black;exeter finance corp;14150;12250;12:00:00;Thu;Dec 18 2014;cheap;medium_mileage;avarage
1b3hb48bx7d528286;36;2007;Dodge;Caliber;SXT;Wagon;automatic;ca;133514;white;tan;rancho pueblo viejo inc;2850;2800;12:30:00;Tue;Dec 23 2014;cheap;high_mileage;avarage
1fmfu15537la61646;31;2007;Ford;Expedition;XLT;SUV;automatic;ca;147648;gray;black;rancho ford;5925;6700;12:00:00;Thu;Dec 18 2014;cheap;high_mileage;avarage
1g6dm57t970139981;19;2007;Cadillac;CTS;Base;Sedan;automatic;ca;120288;black;black;gm financial;5250;5200;12:30:00;Wed;Dec 17 2014;cheap;high_mileage;avarage
3a4fy58bx7t516458;33;2007;Chrysler;PT Cruiser;Touring;Wagon;automatic;ca;88331;black;gray;tuttle click chrysler jeep dodge;2325;2700;12:30:00;Wed;Dec 17 2014;cheap;medium_mileage;avarage
1gker13787j110717;29;2007;GMC;Acadia;SLE-1;SUV;automatic;ca;97046;gray;silver;chaser inc;9000;10100;12:30:00;Wed;Dec 17 2014;cheap;medium_mileage;avarage
1b3hb28bx7d182339;28;2007;Dodge;Caliber;Base;Wagon;automatic;ca;82643;red;gray;us bank;3525;5000;12:30:00;Tue;Dec 16 2014;cheap;medium_mileage;avarage
jnkbv61e77m724695;33;2007;Infiniti;G35;Base;Sedan;automatic;ca;126604;blue;black;high bid trading co inc;8500;7250;12:15:00;Wed;Dec 17 2014;cheap;high_mileage;avarage
jm3er293270109517;29;2007;mazda;cx-7;null;null;automatic;ca;89169;white;silver;veros credit;6050;4500;12:30:00;Wed;Dec 17 2014;cheap;medium_mileage;avarage
wbsnb93516b582952;33;2006;BMW;M5;Base;Sedan;automatic;ca;80363;silver;gray;tdaf remarketing;19750;17500;12:30:00;Tue;Dec 16 2014;cheap;medium_mileage;avarage
1n6ad06wx7c413957;26;2007;Nissan;Frontier;Nismo;King Cab;automatic;ca;154314;white;black;coast sports cars inc;4500;6100;04:15:00;Wed;Jan 14 2015;cheap;high_mileage;avarage
yv4cy982x71385102;null;2007;Volvo;XC90;3.2;SUV;automatic;ca;94316;white;—;huntington beach auto buyers;7300;6000;12:30:00;Wed;Dec 17 2014;cheap;medium_mileage;avarage
wdbuf56x27b065480;null;2007;Mercedes-Benz;E-Class;E350;Sedan;null;ca;51566;silver;—;trade in solutions irvine;11450;10600;12:30:00;Tue;Dec 16 2014;cheap;medium_mileage;avarage
1nxbr32ex7z917101;42;2007;Toyota;Corolla;S;Sedan;automatic;ca;106750;red;black;california auto exchange;5550;7500;12:30:00;Wed;Dec 17 2014;cheap;high_mileage;avarage
wddng71x27a140891;37;2007;Mercedes-Benz;S-Class;S550;Sedan;automatic;ca;67118;white;brown;walters auto sales/service inc;21300;26250;12:30:00;Tue;Dec 16 2014;cheap;medium_mileage;avarage
2c3ka43r26h458896;19;2006;Chrysler;300;Base;Sedan;automatic;ca;121589;blue;gray;valley kia;4575;2700;12:00:00;Thu;Dec 18 2014;cheap;high_mileage;avarage
1ftwx31546ed89304;46;2006;Ford;F-350 Super Duty;XL;SuperCab;automatic;ca;29554;white;gray;clear view systems;9725;17250;12:30:00;Tue;Dec 16 2014;cheap;low_mileage;avarage
2c3ka43r86h157727;27;2006;Chrysler;300;Base;Sedan;automatic;ca;166706;black;gray;jpmorgan chase bank n.a.;3275;3400;12:00:00;Thu;Dec 18 2014;cheap;high_mileage;avarage
3g5da03l46s584948;null;2006;Buick;Rendezvous;CX;SUV;automatic;ca;160991;silver;—;mccauley automotive co;2100;2900;12:30:00;Wed;Dec 17 2014;cheap;high_mileage;avarage
1fafp34n56w218525;28;2006;Ford;Focus;ZX4 SES;Sedan;automatic;ca;149874;white;gray;gm financial;2700;1800;12:30:00;Wed;Dec 17 2014;cheap;high_mileage;avarage
2d4gp44l26r747428;3;2006;Dodge;Grand Caravan;SXT;Minivan;automatic;ca;134159;silver;gray;courtesy chrysler dodge jeep ram of orange;2400;3000;12:30:00;Tue;Dec 16 2014;cheap;high_mileage;avarage
scbbr53w96c036212;39;2006;Bentley;Continental Flying Spur;Base;Sedan;automatic;ca;15909;blue;tan;fratelli investment group;52600;57250;12:00:00;Thu;Dec 18 2014;medium;low_mileage;avarage
jhmap21486s000725;36;2006;Honda;S2000;Base;Convertible;manual;ca;45509;blue;black;wells fargo dealer services;16350;17300;12:00:00;Thu;Dec 18 2014;cheap;medium_mileage;avarage
1d4gp24r46b691211;23;2006;Dodge;Grand Caravan;SE;Minivan;automatic;ca;95228;silver;gray;cig financial;3425;3800;12:30:00;Wed;Dec 17 2014;cheap;medium_mileage;avarage
wbahn83566dt31433;27;2006;BMW;7 Series;750Li;Sedan;automatic;ca;98424;gray;gray;myrddin fleet services;9750;7600;12:30:00;Wed;Dec 17 2014;cheap;medium_mileage;avarage
1gkfk66u56j166099;25;2006;GMC;Yukon XL;Denali;SUV;automatic;ca;162431;gray;gray;premium auto wholesale;6850;4300;04:00:00;Thu;Feb 05 2015;cheap;high_mileage;avarage
1gthk23d36f237546;27;2006;GMC;Sierra 2500HD;SLT;Crew Cab;null;ca;92205;blue;gray;tycon enterprises;24800;25750;12:30:00;Tue;Dec 16 2014;cheap;medium_mileage;avarage
jhmfa36256s025862;19;2006;Honda;Civic;Hybrid;Sedan;automatic;ca;125334;gray;beige;newport acceptance corp;3900;4400;12:05:00;Wed;Jan 07 2015;cheap;high_mileage;avarage
jhlrd78986c006064;null;2006;Honda;CR-V;Special Edition;SUV;automatic;ca;89225;gold;tan;honda of escondido;8450;9300;12:15:00;Wed;Dec 17 2014;cheap;medium_mileage;avarage
1ftsw31p36ed90138;29;2006;Ford;F-350 Super Duty;XL;Crew Cab;automatic;ca;197351;white;gray;nationwide motor vehicles;6450;5800;04:30:00;Wed;Jan 14 2015;cheap;high_mileage;avarage
2gcec13tx61117493;38;2006;Chevrolet;Silverado 1500;LT3;Crew Cab;automatic;ca;88628;white;gray;orange coast chrysler jeep dodge;11500;13250;12:30:00;Wed;Dec 17 2014;cheap;medium_mileage;avarage
19uua66265a027023;29;2005;Acura;TL;3.2;Sedan;automatic;ca;117227;silver;black;time finance co;6500;7600;12:05:00;Wed;Dec 17 2014;cheap;high_mileage;avarage
wdbuf56j06a803082;42;2006;Mercedes-Benz;E-Class;E350;Sedan;automatic;ca;143199;gray;black;autobahn motors;6125;6600;12:30:00;Wed;Dec 17 2014;cheap;high_mileage;avarage
3vwrf31y26m300881;2;2006;Volkswagen;New Beetle;2.5;Convertible;automatic;ca;53790;gray;black;cig financial;4775;2600;11:00:00;Wed;Dec 17 2014;cheap;medium_mileage;avarage
5ltpw18576fj11313;19;2006;Lincoln;Mark LT;Base;Crew Cab;null;ca;91307;gold;beige;santander consumer;13650;12100;15:00:00;Tue;Dec 30 2014;cheap;medium_mileage;avarage
wvwak93c96p040036;27;2006;Volkswagen;Passat;2.0T;Sedan;automatic;ca;95619;gray;gray;quality acceptance;4325;3500;12:00:00;Thu;Dec 18 2014;cheap;medium_mileage;avarage
5n1an08u16c552381;19;2006;Nissan;Xterra;S;SUV;automatic;ca;97466;white;black;santander consumer;5950;4000;12:00:00;Thu;Dec 18 2014;cheap;medium_mileage;avarage
wdbpj75j46a047913;29;2006;Mercedes-Benz;CL-Class;CL500;Coupe;automatic;ca;67521;black;black;remarketing by ge/manheim california;12600;7800;12:30:00;Wed;Dec 31 2014;cheap;medium_mileage;avarage
2hnyd18975h513579;25;2005;Acura;MDX;Touring;SUV;automatic;ca;134755;black;black;mercedes benz of foothill ranch;6625;6300;12:30:00;Wed;Dec 17 2014;cheap;high_mileage;avarage
1nxbr30ex6z641634;null;2006;Toyota;Corolla;S;Sedan;null;ca;119634;white;—;dutton motor co;5350;5400;12:30:00;Tue;Dec 16 2014;cheap;high_mileage;avarage
3vwdg71k56m747666;24;2006;Volkswagen;Jetta;2.5 PZEV;Sedan;automatic;ca;90914;gray;gray;elad motors;4575;4900;12:30:00;Tue;Dec 16 2014;cheap;medium_mileage;avarage
jm1fe173860200098;22;2006;mazda;rx8;null;null;manual;ca;73754;gray;gray;onemain rem/hawthorne motors pre-owned;4525;2800;12:05:00;Wed;Dec 17 2014;cheap;medium_mileage;avarage
wvwak73c26p100095;36;2006;Volkswagen;Passat;2.0T;Sedan;automatic;ca;83263;silver;black;nvp remarketing;4725;6100;12:00:00;Tue;Dec 16 2014;cheap;medium_mileage;avarage
wdbuf70j46a849180;28;2006;Mercedes-Benz;E-Class;E500;Sedan;automatic;ca;104525;black;black;onemain rem/manheim southern california;8075;6100;04:00:00;Thu;Jan 29 2015;cheap;high_mileage;avarage
1zvbp8em0e5328427;1;2014;Ford;Mustang;V6;Convertible;automatic;ca;3215;gray;black;enterprise vehicle exchange / tra / rental / tulsa;22600;11300;12:00:00;Tue;Dec 16 2014;cheap;low_mileage;new
1zvbp8em0e5323079;null;2014;Ford;Mustang;V6;Convertible;automatic;ca;12789;red;black;avis rac/san leandro;21400;16500;12:00:00;Tue;Dec 16 2014;cheap;low_mileage;new
3fa6p0k91er323827;38;2014;Ford;Fusion;Titanium;Sedan;automatic;ca;11227;white;black;ford motor credit company;21200;19500;04:00:00;Thu;Jan 29 2015;cheap;low_mileage;new
1fadp3f25el296989;null;2014;Ford;Focus;SE;Sedan;null;ca;16079;black;—;avis tra;12650;1500;13:00:00;Tue;Dec 16 2014;cheap;low_mileage;new
1fmjk1j56eef17694;44;2014;Ford;Expedition;EL King Ranch;SUV;automatic;ca;21062;black;beige;ford motor credit company;33500;31300;13:00:00;Tue;Jan 07 2014;medium;low_mileage;new
1fmcu0gxxeua07649;41;2014;Ford;Escape;SE;SUV;automatic;ca;34960;black;gray;ford motor credit company;15950;15700;05:00:00;Wed;Jan 07 2015;cheap;low_mileage;new
jhlrd78915c017079;34;2005;Honda;CR-V;Special Edition;SUV;automatic;ca;82369;gold;beige;san diego sports cars;8350;10250;12:15:00;Wed;Dec 17 2014;cheap;medium_mileage;avarage
wauffafl3en030343;42;2014;Audi;A4;2.0T Premium Plus quattro;Sedan;automatic;ca;9557;white;black;audi mission viejo;32100;32250;12:00:00;Thu;Dec 18 2014;medium;low_mileage;new
trub1afk9e1007640;28;2014;Audi;TTS;quattro;Coupe;automatic;ca;3996;silver;black;fratelli investment group;41400;34250;12:00:00;Thu;Dec 18 2014;medium;low_mileage;new
wba3n7c55ef719079;37;2014;BMW;4 Series;428i SULEV;Coupe;automatic;ca;18152;white;black;street smartz auto sales corporation;31000;39750;12:30:00;Tue;Dec 16 2014;medium;low_mileage;new
5fryd3h83eb011004;49;2014;Acura;MDX;Advance and Entertainment Packages;SUV;automatic;ca;21523;white;gray;onemain rem/m&m auto traders;39500;41500;12:00:00;Thu;Dec 18 2014;medium;low_mileage;new
2g1fe1e34e9190976;44;2014;Chevrolet;Camaro;LS;Coupe;manual;ca;7924;white;black;tdaf remarketing;17850;18500;12:30:00;Tue;Dec 16 2014;cheap;low_mileage;new
5xyktca64fg570672;49;2015;Kia;Sorento;LX;SUV;automatic;ca;13711;white;black;kia motors america  inc;20600;21750;12:30:00;Tue;Dec 16 2014;cheap;low_mileage;new
jn1cv6apxdm714541;45;2013;Infiniti;G Sedan;G37 Journey;G Sedan;automatic;ca;24112;white;black;nissan infiniti lt;22800;22500;12:30:00;Thu;Dec 18 2014;cheap;low_mileage;new
5npeb4acxdh744455;35;2013;Hyundai;Sonata;GLS;Sedan;automatic;ca;41888;gray;gray;avis corporation;11800;11900;11:30:00;Thu;Dec 18 2014;cheap;low_mileage;new
kmhtc6ae4du168333;36;2013;Hyundai;Veloster;Turbo;Hatchback;automatic;ca;10474;white;black;hyundai motor america/co car;15000;16100;12:00:00;Tue;Dec 16 2014;cheap;low_mileage;new
jn1cv6ap7dm300469;41;2013;Infiniti;G Sedan;G37 Journey;G Sedan;automatic;ca;19957;—;beige;nissan infiniti lt;23300;21750;12:30:00;Thu;Dec 18 2014;cheap;low_mileage;new
kmhct5ae4du128991;46;2013;Hyundai;Accent;GS;Hatchback;automatic;ca;9927;black;black;hyundai motor america/co car;10800;11300;12:00:00;Tue;Dec 16 2014;cheap;low_mileage;new
5npdh4ae4dh388614;1;2013;Hyundai;Elantra;GLS;Sedan;automatic;ca;25960;gray;gray;enterprise vehicle exchange / tra / rental / tulsa;12100;8800;12:00:00;Tue;Dec 16 2014;cheap;low_mileage;new
kmhec4a4xda091084;44;2013;Hyundai;Sonata Hybrid;Base;Sedan;automatic;ca;9539;silver;gray;hyundai motor america/co car;15450;14900;12:00:00;Tue;Dec 16 2014;cheap;low_mileage;new
jn1cv6apxdm300417;36;2013;Infiniti;G Sedan;G37 Journey;G Sedan;automatic;ca;20976;black;black;nissan infiniti lt;23100;21000;12:30:00;Thu;Dec 18 2014;cheap;low_mileage;new
jn1cv6ap3dm714428;46;2013;Infiniti;G Sedan;G37 Journey;G Sedan;automatic;ca;22294;black;black;nissan infiniti lt;23000;24750;12:30:00;Thu;Dec 18 2014;cheap;low_mileage;new
jn1cv6ap0dm300670;44;2013;Infiniti;G Sedan;G37 Journey;G Sedan;automatic;ca;30464;gray;black;nissan infiniti lt;22000;24000;12:30:00;Thu;Dec 18 2014;cheap;low_mileage;new
kmhtc6ad7du089181;48;2013;Hyundai;Veloster;Base;Hatchback;automatic;ca;27532;yellow;black;hyundai buybacks;13100;11300;12:00:00;Tue;Dec 16 2014;cheap;low_mileage;new
5npdh4ae7dh345708;2;2013;Hyundai;Elantra;GLS;Sedan;automatic;ca;33158;gray;beige;enterprise vehicle exchange / tra / rental / tulsa;11650;9400;12:00:00;Tue;Dec 16 2014;cheap;low_mileage;new
5xyztdlb2dg045704;43;2013;Hyundai;Santa Fe;Sport;SUV;automatic;ca;41783;green;beige;avis rac/san leandro;17600;17400;12:30:00;Wed;Dec 31 2014;cheap;low_mileage;new
jn1cv6ap5dm711210;46;2013;Infiniti;G Sedan;G37 Journey;G Sedan;automatic;ca;17541;white;gray;nissan infiniti lt;23600;24750;12:30:00;Thu;Dec 18 2014;cheap;low_mileage;new
jn1cv6ap0dm711549;42;2013;Infiniti;G Sedan;G37 Journey;G Sedan;automatic;ca;23470;black;black;nissan infiniti lt;22800;24500;12:30:00;Thu;Dec 18 2014;cheap;low_mileage;new
jn1cv6ap3dm710234;43;2013;Infiniti;G Sedan;G37 Journey;G Sedan;automatic;ca;29782;gray;black;nissan infiniti lt;22100;21500;12:30:00;Thu;Dec 18 2014;cheap;low_mileage;new
kmhgc4dd7du226203;43;2013;Hyundai;Genesis;3.8;Sedan;automatic;ca;11041;black;beige;hyundai motor finance;19800;12500;12:00:00;Tue;Dec 16 2014;cheap;low_mileage;new
jn1cv6ap2dm714338;42;2013;Infiniti;G Sedan;G37 Journey;G Sedan;automatic;ca;20408;gray;black;nissan infiniti lt;23500;24000;12:30:00;Wed;Dec 17 2014;cheap;low_mileage;new
jn1cv6ap3dm713666;42;2013;Infiniti;G Sedan;G37 Journey;G Sedan;automatic;ca;20070;gray;black;nissan infiniti lt;23300;22000;12:30:00;Thu;Dec 18 2014;cheap;low_mileage;new
jn1cv6ap2dm712931;4;2013;Infiniti;G Sedan;G37 Journey;G Sedan;automatic;ca;33838;gray;black;nissan infiniti lt;21600;20250;12:30:00;Thu;Dec 18 2014;cheap;low_mileage;new
2t2zk1ba0dc103312;null;2013;Lexus;RX 350;Base;SUV;automatic;ca;29353;gray;—;south county lexus at mission viejo;32000;29600;12:30:00;Wed;Dec 17 2014;cheap;low_mileage;new
jtjzb1ba8d2411313;null;2013;Lexus;RX 450h;Base;SUV;automatic;ca;27970;burgundy;—;dolan toyota scion;37300;30500;12:30:00;Wed;Dec 17 2014;medium;low_mileage;new
5xxgn4a7xdg106558;2;2013;Kia;Optima;EX;Sedan;automatic;ca;24614;burgundy;beige;kia motors finance;16200;10600;13:00:00;Tue;Dec 16 2014;cheap;low_mileage;new
jn1cv6ar5dm750574;38;2013;Infiniti;G Sedan;G37x;G Sedan;automatic;ca;23642;gray;black;nissan infiniti lt;23300;23000;12:30:00;Thu;Dec 18 2014;cheap;low_mileage;new
knafu4a22d5724414;27;2013;Kia;Forte;EX;Sedan;automatic;ca;55885;gray;black;caprock auto remarketing;9175;8800;12:00:00;Tue;Dec 23 2014;cheap;medium_mileage;new
knagm4ad0d5055811;44;2013;Kia;Optima;EX Hybrid;Sedan;automatic;ca;18554;gray;black;kia motors america  inc;15950;15700;12:30:00;Tue;Dec 16 2014;cheap;low_mileage;new
wddgj4hbxdg003743;37;2013;Mercedes-Benz;C-Class;C250;Coupe;automatic;ca;18960;black;beige;mercedes-benz financial services;25300;22750;04:30:00;Thu;Jan 15 2015;cheap;low_mileage;new
5xxgm4a7xdg214617;37;2013;Kia;Optima;LX;Sedan;automatic;ca;35707;silver;gray;enterprise veh exchange/rental;12900;13300;12:30:00;Wed;Dec 17 2014;cheap;low_mileage;new
salvr2bg6dh755364;5;2013;Land Rover;Range Rover Evoque;Pure Premium;SUV;automatic;ca;5403;gray;black;land rover north america llc;38600;30500;12:30:00;Thu;Dec 18 2014;medium;low_mileage;new
jn1cv6ap3dm720746;24;2013;Infiniti;G Sedan;G37 Journey;G Sedan;automatic;ca;42547;black;black;nissan infiniti lt;20500;17250;12:30:00;Tue;Dec 16 2014;cheap;low_mileage;new
wddgf4hb8dr256694;43;2013;Mercedes-Benz;C-Class;C250 Sport;Sedan;automatic;ca;23941;black;gray;hoehn motors inc;22600;21750;12:30:00;Tue;Dec 16 2014;cheap;low_mileage;new
5xxgr4a61dg171696;23;2013;Kia;Optima;SX;Sedan;automatic;ca;38247;red;black;kia motors finance;19850;17000;12:30:00;Tue;Jan 13 2015;cheap;low_mileage;new
1n4bl3ap4dc907342;44;2013;Nissan;Altima;3.5 SL;Sedan;automatic;ca;10929;black;black;nissan motor acceptance corporation;17250;20250;12:30:00;Wed;Dec 17 2014;cheap;low_mileage;new
jn8as5mv6dw607187;21;2013;Nissan;Rogue;S;SUV;automatic;ca;67280;gray;black;the hertz corporation;12600;11000;11:30:00;Thu;Jan 08 2015;cheap;medium_mileage;new
jn8as5mt7dw521496;41;2013;Nissan;Rogue;S;SUV;null;ca;22425;white;black;nissan motor acceptance corporation;15000;15250;12:30:00;Tue;Dec 16 2014;cheap;low_mileage;new
5n1an0nw5dn811428;4;2013;Nissan;Xterra;S;SUV;automatic;ca;37767;black;gray;avis rac/san leandro;18250;18300;12:30:00;Wed;Dec 17 2014;cheap;low_mileage;new
jtebu5jr2d5116361;49;2013;Toyota;4Runner;Limited;SUV;automatic;ca;52002;silver;black;avis rac/san leandro;30500;25900;12:30:00;Wed;Dec 17 2014;cheap;medium_mileage;new
jn8as5mt1dw014710;43;2013;Nissan;Rogue;SV;SUV;null;ca;22338;silver;black;nissan north america inc.;15050;18000;12:30:00;Tue;Dec 16 2014;cheap;low_mileage;new
jn8as5mt2dw504959;43;2013;Nissan;Rogue;S;SUV;null;ca;27187;blue;gray;nissan motor acceptance corporation;14550;15500;12:30:00;Tue;Dec 16 2014;cheap;low_mileage;new
3n1ab7ap2dl757450;32;2013;Nissan;Sentra;S;Sedan;null;ca;11357;gray;black;nissan motor acceptance corporation;12600;11500;12:30:00;Tue;Dec 23 2014;cheap;low_mileage;new
1vwbh7a31dc025977;1;2013;Volkswagen;Passat;SE;Sedan;automatic;ca;24954;—;black;vw credit;14250;11100;12:00:00;Tue;Dec 16 2014;cheap;low_mileage;new
4t4bf1fk2dr316831;44;2013;Toyota;Camry;LE;Sedan;automatic;ca;13948;beige;beige;toyota financial services;14950;14900;00:00:00;Tue;Dec 23 2014;cheap;low_mileage;new
jn8az1mw6dw312782;39;2013;Nissan;Murano;SV;SUV;automatic;ca;35138;white;beige;avis rac/san leandro;17600;20500;12:30:00;Wed;Dec 17 2014;cheap;low_mileage;new
jtdkn3du9d5636594;36;2013;Toyota;Prius;Two;Hatchback;automatic;ca;39968;black;gray;toyota financial services/avis budget group-open;15150;15800;12:30:00;Tue;Dec 23 2014;cheap;low_mileage;new
jn8as5mv2dw116535;37;2013;Nissan;Rogue;S;SUV;automatic;ca;34651;white;gray;enterprise veh exchange/rental;14300;14900;11:30:00;Thu;Dec 18 2014;cheap;low_mileage;new
5n1ar2mn1dc619184;45;2013;Nissan;Pathfinder;SV;SUV;automatic;ca;19742;white;black;nissan-infiniti lt;21400;22500;12:30:00;Tue;Dec 16 2014;cheap;low_mileage;new
wbaka8c54ccy37992;49;2012;bmw;750i;750i;null;automatic;ca;53016;white;gray;financial services remarketing (lease);31300;34250;12:30:00;Thu;Dec 18 2014;medium;medium_mileage;new
wbalz3c59cdl72460;38;2012;BMW;6 Series;650i;Convertible;automatic;ca;22845;white;—;financial services remarketing (lease);50000;52500;12:30:00;Thu;Dec 18 2014;medium;low_mileage;new
wbaka8c51ccy37982;4;2012;bmw;750i;750i;null;automatic;ca;40183;gray;blue;financial services remarketing (lease);34000;35500;12:30:00;Thu;Dec 18 2014;medium;low_mileage;new
wbsdx9c5xce784602;42;2012;BMW;M3;Base;Convertible;automatic;ca;35920;silver;black;high bid trading co inc;40000;41000;12:00:00;Thu;Dec 18 2014;medium;low_mileage;new
wbafr7c50cc808722;44;2012;BMW;5 Series;535i;Sedan;automatic;ca;54898;white;tan;financial services remarketing (lease);30600;31000;12:30:00;Thu;Dec 18 2014;medium;medium_mileage;new
wauggafc6cn169316;42;2012;Audi;A6;3.0T Premium quattro;Sedan;automatic;ca;44002;black;black;trade in solutions irvine;28400;30000;12:30:00;Tue;Jan 06 2015;cheap;low_mileage;new
wbakc8c50cc435719;24;2012;null;null;null;null;automatic;ca;27709;—;black;bmw of bakersfield;41800;33750;04:30:00;Thu;Feb 12 2015;medium;low_mileage;new
wbafr7c54cc808772;44;2012;BMW;5 Series;535i;Sedan;automatic;ca;37915;black;black;financial services remarketing (lease);33500;34000;12:30:00;Thu;Dec 18 2014;medium;low_mileage;new
waubfafl9cn004681;38;2012;Audi;A4;2.0T Premium quattro;Sedan;automatic;ca;48158;blue;gray;fratelli investment group;18650;19500;12:00:00;Thu;Dec 18 2014;cheap;medium_mileage;new
3gcpcse06cg246240;28;2012;Chevrolet;Silverado 1500;LT;Crew Cab;automatic;ca;32104;silver;black;california republic bank;23300;23000;12:30:00;Wed;Dec 17 2014;cheap;low_mileage;new
wball5c57ce716603;45;2012;BMW;Z4;sDrive28i;Convertible;automatic;ca;19767;black;black;financial services remarketing (lease);31000;32000;04:30:00;Thu;Jan 15 2015;medium;low_mileage;new
5uxzv4c51cl889822;33;2012;BMW;X5;xDrive35i Premium;SUV;automatic;ca;56780;black;black;myrddin fleet services;30200;30000;12:30:00;Thu;Dec 18 2014;cheap;medium_mileage;new
1g1pd5sh5c7328067;31;2012;Chevrolet;Cruze;LS;Sedan;manual;ca;53563;silver;black;balboa thrift & loan association;8050;7500;12:30:00;Wed;Dec 17 2014;cheap;medium_mileage;new
5gakrced0cj149925;41;2012;Buick;Enclave;Leather Group;SUV;automatic;ca;34807;beige;beige;fiserv/usb dealer services northstar exchange;24100;22000;12:30:00;Tue;Dec 16 2014;cheap;low_mileage;new
1gcrkpea6cz132644;39;2012;Chevrolet;Silverado 1500;Work Truck;Extended Cab;automatic;ca;10482;white;gray;merchants automotive group;20600;20200;12:30:00;Wed;Dec 17 2014;cheap;low_mileage;new
1g1zc5e0xcf296157;41;2012;Chevrolet;Malibu;LT;Sedan;automatic;ca;27370;white;black;wheels exchange llc;10950;12200;12:30:00;Wed;Dec 17 2014;cheap;low_mileage;new
5uxzw0c57cl665685;43;2012;BMW;X5;xDrive35d;SUV;automatic;ca;59718;black;black;financial services remarketing (lease);31700;33500;12:30:00;Thu;Dec 18 2014;medium;medium_mileage;new
2fmdk3jc3cba04337;43;2012;Ford;Edge;SEL;SUV;automatic;ca;65548;black;beige;ford motor credit company llc pd;16350;16600;12:00:00;Thu;Jan 08 2015;cheap;medium_mileage;new
1fmcu9dg3ckb92323;26;2012;Ford;Escape;XLT;SUV;automatic;ca;70977;silver;black;the hertz corporation;12050;11200;11:30:00;Thu;Dec 18 2014;cheap;medium_mileage;new
5uxzw0c51cl672731;38;2012;BMW;X5;xDrive35d;SUV;automatic;ca;21278;white;gray;financial services remarketing (lease);39300;41000;12:30:00;Thu;Dec 18 2014;medium;low_mileage;new
19xfb2f86ce382348;24;2012;Honda;Civic;EX;Sedan;automatic;ca;47076;white;gray;ahfc/honda lease trust/hvt  inc.;11550;10600;12:00:00;Thu;Dec 18 2014;cheap;medium_mileage;new
19xfb2f59ce382947;42;2012;Honda;Civic;LX;Sedan;automatic;ca;28391;white;gray;ahfc/honda lease trust/hvt  inc.;11500;13000;12:00:00;Thu;Dec 18 2014;cheap;low_mileage;new
5npeb4ac0ch395644;41;2012;Hyundai;Sonata;GLS;Sedan;automatic;ca;39132;blue;gray;hyundai motor finance;10950;12100;12:00:00;Tue;Dec 16 2014;cheap;low_mileage;new
kmhdh4ae8cu392715;27;2012;Hyundai;Elantra;GLS;Sedan;automatic;ca;35970;silver;gray;hyundai motor finance;10250;10700;12:00:00;Tue;Dec 16 2014;cheap;low_mileage;new
1hgcp3f79ca004479;36;2012;Honda;Accord;EX V-6;Sedan;automatic;ca;36233;gray;gray;ahfc/honda lease trust/hvt  inc. eot;14950;14600;12:00:00;Thu;Dec 18 2014;cheap;low_mileage;new
3fahp0ga6cr345587;32;2012;Ford;Fusion;S;Sedan;automatic;ca;116173;black;gray;wholesale motor sales inc;6425;6600;12:00:00;Thu;Dec 18 2014;cheap;high_mileage;new
5fnyf3h43cb016418;2;2012;Honda;Pilot;EX;SUV;automatic;ca;36828;blue;gray;ahfc/honda lease trust/hvt  inc. eot;20200;17200;12:00:00;Thu;Dec 18 2014;cheap;low_mileage;new
3fahp0ha4cr310450;37;2012;Ford;Fusion;SE;Sedan;automatic;ca;37315;gray;black;ford motor credit company llc pd;11200;12200;12:00:00;Thu;Dec 18 2014;cheap;low_mileage;new
5npec4ac4ch374812;33;2012;Hyundai;Sonata;Limited;Sedan;automatic;ca;44051;white;tan;hyundai motor finance;15050;15000;12:00:00;Tue;Dec 16 2014;cheap;low_mileage;new
sajwa2gb4clv25237;45;2012;Jaguar;XJ;Base;Sedan;automatic;ca;12912;black;beige;jpmorgan chase bank n.a.;47000;49000;12:30:00;Thu;Dec 18 2014;medium;low_mileage;new
jn1cv6ap5cm930375;42;2012;Infiniti;G Sedan;G37 Journey;G Sedan;automatic;ca;33382;blue;black;nissan infiniti lt;21400;22500;12:30:00;Thu;Dec 18 2014;cheap;low_mileage;new
sajwa0hb0cls24919;39;2012;Jaguar;XF;Portfolio;Sedan;automatic;ca;37908;black;brown;jpmorgan chase bank n.a.;29900;30500;12:30:00;Thu;Dec 18 2014;medium;low_mileage;new
wmwsu3c5xct256149;37;2012;MINI;Cooper;Base;Hatchback;automatic;ca;29624;blue;—;bmw mini financial services;14050;14500;12:30:00;Thu;Dec 18 2014;cheap;low_mileage;new
wmwzn3c53ct133983;36;2012;MINI;Cooper;Base;Convertible;automatic;ca;36053;red;black;bmw mini financial services;15000;15000;12:30:00;Thu;Dec 18 2014;cheap;low_mileage;new
jn1cv6ap4cm626714;34;2012;Infiniti;G Sedan;G37 Journey;G Sedan;automatic;ca;24873;gray;black;nissan infiniti lt;22000;20000;12:30:00;Tue;Dec 23 2014;cheap;low_mileage;new
sajwa0hb3cls59258;35;2012;Jaguar;XF;Portfolio;Sedan;automatic;ca;48806;black;black;walters auto sales/service inc;29000;28500;12:30:00;Tue;Dec 16 2014;cheap;medium_mileage;new
jn1cv6ek7cm420415;4;2012;Infiniti;G Coupe;G37;G Coupe;manual;ca;9633;black;black;nissan infiniti lt;25900;27500;12:30:00;Thu;Dec 18 2014;cheap;low_mileage;new
jthbe5c27c5029117;38;2012;Lexus;IS 350;Base;Sedan;automatic;ca;90943;white;black;lexus of valencia;23800;20750;12:15:00;Wed;Dec 17 2014;cheap;medium_mileage;new
salmf1e48ca360609;29;2012;null;null;null;null;automatic;ca;62786;black;black;jpmorgan chase bank n.a.;46400;42500;04:30:00;Thu;Feb 12 2015;medium;medium_mileage;new
wddhf5kb3ca561858;41;2012;Mercedes-Benz;E-Class;E350 Luxury;Sedan;automatic;ca;28489;—;off-white;mercedes-benz financial services;29200;29000;12:30:00;Thu;Dec 18 2014;cheap;low_mileage;new
salsf2d49ca718718;45;2012;Land Rover;Range Rover Sport;HSE;SUV;automatic;ca;30055;white;tan;land rover north america llc;42000;34500;12:30:00;Thu;Dec 18 2014;medium;low_mileage;new
1n4al2ap6cn429658;29;2012;Nissan;Altima;2.5 S;Sedan;automatic;ca;39056;black;gray;nissan-infiniti lt;12100;12600;12:30:00;Wed;Dec 17 2014;cheap;low_mileage;new
1n4al2ap2cn413411;42;2012;Nissan;Altima;2.5 S;Sedan;automatic;ca;41516;—;black;nissan-infiniti lt;11950;13500;12:30:00;Wed;Dec 17 2014;cheap;low_mileage;new
4jgbf7be9ca782589;3;2012;Mercedes-Benz;GL-Class;GL450 4MATIC;SUV;automatic;ca;54184;gray;black;the hertz corporation;29200;28500;12:30:00;Tue;Dec 16 2014;cheap;medium_mileage;new
1n4al2ap8cc153415;43;2012;Nissan;Altima;2.5 S;Sedan;automatic;ca;12490;gray;black;nissan-infiniti lt;13850;15000;12:30:00;Tue;Dec 16 2014;cheap;low_mileage;new
1n4al2ap5cn442160;39;2012;Nissan;Altima;2.5 S;Sedan;automatic;ca;31174;—;black;nissan-infiniti lt;12600;12250;12:30:00;Tue;Dec 16 2014;cheap;low_mileage;new
1n4al2ap8cc254986;29;2012;Nissan;Altima;2.5;Sedan;automatic;ca;60716;red;beige;dtg operations inc;10700;9100;11:30:00;Thu;Dec 18 2014;cheap;medium_mileage;new
1n4al2ap9cc126546;19;2012;Nissan;Altima;2.5 S;Sedan;automatic;ca;37887;white;black;nissan-infiniti lt;12050;19000;12:30:00;Mon;Jan 06 2014;cheap;low_mileage;new
3c6ud5hl5cg142479;46;2012;Ram;2500;ST;Crew Cab;manual;ca;31537;white;—;century dealer services corp;31100;36000;12:15:00;Wed;Dec 17 2014;medium;low_mileage;new
wp0ab2a95cs121218;44;2012;Porsche;911;Carrera S (Midyear Redesign);Coupe;automatic;ca;16480;black;gray;mckenna audi/mckenna bmw;70000;72500;12:00:00;Thu;Dec 18 2014;expensive;low_mileage;new
wddng7db5ca487674;35;2012;Mercedes-Benz;S-Class;S550;Sedan;automatic;ca;36395;black;black;mercedes-benz financial services;43900;43500;04:30:00;Thu;Jan 15 2015;medium;low_mileage;new
jn1az0cp7ct023963;44;2012;Nissan;Leaf;SL;Hatchback;automatic;ca;16312;—;gray;nissan-infiniti lt;11600;12750;12:30:00;Tue;Dec 16 2014;cheap;low_mileage;new
1n4al2ap4cn421025;37;2012;Nissan;Altima;2.5 S;Sedan;automatic;ca;25195;—;black;nissan-infiniti lt;13000;12000;12:30:00;Tue;Dec 16 2014;cheap;low_mileage;new
1n4al2apxcn403077;21;2012;Nissan;Altima;2.5 S;Sedan;automatic;ca;26220;white;tan;nissan-infiniti lt;12950;10750;12:30:00;Tue;Dec 16 2014;cheap;low_mileage;new
4jgbf7be7ca782669;31;2012;Mercedes-Benz;GL-Class;GL450 4MATIC;SUV;automatic;ca;60981;gray;black;the hertz corporation;27000;26250;12:30:00;Tue;Dec 16 2014;cheap;medium_mileage;new
1n4al2ap1cn482459;28;2012;Nissan;Altima;2.5;Sedan;automatic;ca;59724;white;black;the hertz corporation;10750;10600;12:30:00;Wed;Dec 17 2014;cheap;medium_mileage;new
1n4aa5ap2cc808904;31;2012;Nissan;Maxima;3.5 SV;Sedan;automatic;ca;55684;—;black;nissan-infiniti lt;14500;16500;12:30:00;Tue;Dec 16 2014;cheap;medium_mileage;new
4jgda7eb0ca049551;null;2012;Mercedes-Benz;M-Class;ML63 AMG;SUV;null;ca;1;null;null;high bid trading co inc;69000;18500;12:00:00;Thu;Dec 18 2014;cheap;low_mileage;new
3n1cn7ap0cl945298;43;2012;Nissan;Versa;1.6 S;Sedan;null;ca;23402;gray;black;wells fargo dealer services;9600;10800;12:00:00;Thu;Dec 18 2014;cheap;low_mileage;new
1n4al2ap9cn412028;26;2012;Nissan;Altima;2.5 S;Sedan;automatic;ca;29636;white;black;nissan-infiniti lt;12700;10750;12:30:00;Tue;Dec 16 2014;cheap;low_mileage;new
wbaph5g55bnm79007;43;2011;BMW;3 Series;328i;Sedan;automatic;ca;31315;black;black;financial services remarketing (lease);19850;20750;12:30:00;Thu;Dec 18 2014;cheap;low_mileage;new
wbaph7c53be850277;46;2011;BMW;3 Series;328i;Sedan;automatic;ca;11802;gray;beige;financial services remarketing (lease);22500;23000;12:30:00;Thu;Dec 18 2014;cheap;low_mileage;new
wbaph7c51be683532;43;2011;BMW;3 Series;328i;Sedan;automatic;ca;13579;green;—;financial services remarketing (lease);22400;20500;04:30:00;Thu;Jan 15 2015;cheap;low_mileage;new
yv1622fs5c2098583;41;2012;Volvo;S60;T5;Sedan;automatic;ca;60252;white;black;us bank;13900;14750;12:30:00;Thu;Dec 18 2014;cheap;medium_mileage;new
wbapm5c59be578379;45;2011;BMW;3 Series;335i;Sedan;automatic;ca;10492;white;black;financial services remarketing (lease);27800;30000;12:30:00;Thu;Dec 18 2014;cheap;low_mileage;new
wbaph5c56bf093700;36;2011;BMW;3 Series;328i;Sedan;automatic;ca;28727;black;black;financial services remarketing (lease);20200;20750;12:30:00;Thu;Dec 18 2014;cheap;low_mileage;new
wbaph7c52be852392;44;2011;BMW;3 Series;328i;Sedan;automatic;ca;43583;black;black;financial services remarketing (lease);18200;19250;12:30:00;Thu;Dec 18 2014;cheap;low_mileage;new
wbaph5c54ba442608;4;2011;BMW;3 Series;328i;Sedan;automatic;ca;56559;white;black;aaero sweet company;16550;17250;12:15:00;Wed;Dec 17 2014;cheap;medium_mileage;new
jtdbu4ee7c9174690;34;2012;Toyota;Corolla;LE;Sedan;automatic;ca;61702;white;gray;toyota financial services;9200;10100;00:00:00;Tue;Dec 23 2014;cheap;medium_mileage;new
wvwhd7aj2cw322549;1;2012;Volkswagen;GTI;PZEV;Hatchback;automatic;ca;33529;red;black;vw credit;15350;12200;12:00:00;Tue;Dec 16 2014;cheap;low_mileage;new
2t1bu4ee7cc756752;19;2012;Toyota;Corolla;L;Sedan;automatic;ca;42726;silver;gray;the hertz corporation;9400;9700;11:30:00;Thu;Dec 18 2014;cheap;low_mileage;new
wbaut9c51ba191622;44;2011;BMW;3 Series;328i;Wagon;automatic;ca;32741;white;beige;financial services remarketing (lease);22600;24750;12:30:00;Thu;Dec 18 2014;cheap;low_mileage;new
wbaph5g51bnm84561;46;2011;BMW;3 Series;328i;Sedan;automatic;ca;42173;black;red;financial services remarketing (lease);18400;19500;12:30:00;Thu;Dec 18 2014;cheap;low_mileage;new
wbaph5c51ba447104;37;2011;BMW;3 Series;328i;Sedan;automatic;ca;20363;gray;black;financial services remarketing (lease);20400;19500;04:30:00;Thu;Jan 29 2015;cheap;low_mileage;new
wbafu7c57bdu55628;39;2011;BMW;5 Series;535i xDrive;Sedan;automatic;ca;39277;brown;—;financial services remarketing (lease);29200;27500;12:30:00;Thu;Dec 18 2014;cheap;low_mileage;new
wbapm5g51bnn00933;45;2011;BMW;3 Series;335i;Sedan;automatic;ca;49117;black;black;financial services remarketing (lease);22700;23000;12:30:00;Thu;Dec 18 2014;cheap;medium_mileage;new
wbafr7c52bc802659;43;2011;BMW;5 Series;535i;Sedan;automatic;ca;39422;beige;—;financial services remarketing (lease);28300;28750;12:30:00;Thu;Dec 18 2014;cheap;low_mileage;new
yv4940dl8c2329213;42;2012;Volvo;XC60;3.2;SUV;automatic;ca;49150;black;black;volvo na lemon law/world omni;19200;17000;04:30:00;Tue;Jan 20 2015;cheap;medium_mileage;new
wbaph5g51bnm83393;36;2011;BMW;3 Series;328i;Sedan;automatic;ca;36996;black;black;financial services remarketing (lease);19100;19500;12:30:00;Thu;Dec 18 2014;cheap;low_mileage;new
3fahp0ha6br191945;29;2011;Ford;Fusion;SE;Sedan;automatic;ca;88759;black;black;remarketing by ge/manheim southern california;7575;6100;12:00:00;Thu;Dec 18 2014;cheap;medium_mileage;new
5uxwx5c54blw13930;41;2011;BMW;X3;xDrive28i;SUV;automatic;ca;37428;brown;brown;ubs wholesale;26300;25250;12:30:00;Thu;Dec 18 2014;cheap;low_mileage;new
kmhgh4jf8bu042912;37;2011;Hyundai;Equus;Signature;Sedan;automatic;ca;36047;black;black;hyundai motor finance;25500;26000;04:30:00;Tue;Jan 20 2015;cheap;low_mileage;new
3fahp0kcxbr292447;36;2011;Ford;Fusion;SPORT;Sedan;automatic;ca;41665;black;black;exeter finance corp;13150;12000;12:00:00;Thu;Dec 18 2014;cheap;low_mileage;new
2c3ca5cg0bh580692;38;2011;Chrysler;300;Base;Sedan;automatic;ca;34994;blue;tan;fiserv/usb dealer services northstar exchange;17250;16250;12:30:00;Tue;Dec 16 2014;cheap;low_mileage;new
5fnrl5h6xbb097801;28;2011;Honda;Odyssey;EX-L;Minivan;null;ca;51722;gray;gray;cox fleet;18600;18900;12:00:00;Thu;Dec 18 2014;cheap;medium_mileage;new
1gnkrjed2bj415308;26;2011;Chevrolet;Traverse;LT2;SUV;automatic;ca;25305;silver;gray;fiserv/usb dealer services northstar exchange;19150;18500;12:30:00;Tue;Dec 16 2014;cheap;low_mileage;new
5uxzv8c59bll67929;38;2011;BMW;X5;xDrive50i;SUV;automatic;ca;72841;gray;black;financial services remarketing (lease);25500;27750;12:30:00;Tue;Dec 16 2014;cheap;medium_mileage;new
2a4rr5dg2br740623;42;2011;Chrysler;Town and Country;Touring;Minivan;automatic;ca;15452;white;beige;wheels exchange llc;15850;16400;12:30:00;Wed;Dec 17 2014;cheap;low_mileage;new
1gys4jef1br334742;29;2011;Cadillac;Escalade ESV;Premium;SUV;automatic;ca;52462;silver;black;fiserv/usb dealer services northstar exchange;34800;35000;12:30:00;Thu;Dec 18 2014;medium;medium_mileage;new
jn1dv6ap8bm602015;41;2011;Infiniti;G Sedan;G25;G Sedan;automatic;ca;35292;gray;black;nissan infiniti lt;17050;18250;12:30:00;Thu;Dec 18 2014;cheap;low_mileage;new
2g1fc3dd3b9210397;38;2011;Chevrolet;Camaro;2LT;Convertible;automatic;ca;32841;black;black;the car exchange;17350;18800;12:30:00;Wed;Dec 17 2014;cheap;low_mileage;new
2c3ccakg9eh200967;3;2014;Chrysler;300;C;Sedan;automatic;ca;24870;—;black;hertz corporation/gdp;22500;22600;04:30:00;Tue;Jan 06 2015;cheap;low_mileage;new
2c4rc1bg5er324217;2;2014;Chrysler;Town and Country;Touring;Minivan;automatic;ca;27457;white;black;hertz corporation/gdp;18550;18800;12:30:00;Tue;Dec 23 2014;cheap;low_mileage;new
2c4rc1bgxer269196;3;2014;Chrysler;Town and Country;Touring;Minivan;automatic;ca;23758;white;tan;pv holding inc/gdp;19000;19000;12:30:00;Tue;Dec 23 2014;cheap;low_mileage;new
2c4rc1bg0er218239;39;2014;Chrysler;Town and Country;Touring;Minivan;automatic;ca;47027;white;black;enterprise veh exchange/rental;17300;16100;11:30:00;Thu;Dec 18 2014;cheap;medium_mileage;new
2c3cdxbg4eh300216;4;2014;Dodge;Charger;SE;Sedan;automatic;ca;10794;—;black;pv holding inc/gdp;17000;17600;12:30:00;Tue;Dec 23 2014;cheap;low_mileage;new
2c3ccaag9eh263097;3;2014;Chrysler;300;Base;Sedan;automatic;ca;11330;—;black;hertz corporation/gdp;20000;20300;12:30:00;Tue;Dec 23 2014;cheap;low_mileage;new
2c4rc1bg3er174401;43;2014;Chrysler;Town and Country;Touring;Minivan;automatic;ca;45371;gray;black;avis corporation;16850;17500;03:30:00;Thu;Jan 22 2015;cheap;medium_mileage;new
2c4rc1bg9er324768;3;2014;Chrysler;Town and Country;Touring;Minivan;automatic;ca;30042;silver;black;hertz corporation/gdp;18100;17500;12:30:00;Tue;Dec 16 2014;cheap;low_mileage;new
2c3ccaet3eh228241;44;2014;Chrysler;300;C;Sedan;automatic;ca;24481;gray;black;premium auto wholesale;21700;22500;12:00:00;Thu;Dec 18 2014;cheap;low_mileage;new
2c4rdgcg7er264164;3;2014;Dodge;Grand Caravan;SXT;Minivan;automatic;ca;22277;white;black;enterprise holdings/gdp;16700;15000;04:30:00;Tue;Jan 27 2015;cheap;low_mileage;new
2c4rdgcg2er173013;42;2014;Dodge;Grand Caravan;SXT;Minivan;automatic;ca;41206;black;black;avis corporation;15400;16600;12:30:00;Tue;Dec 16 2014;cheap;low_mileage;new
jn1cv6ap8bm504842;39;2011;Infiniti;G Sedan;G37 Journey;G Sedan;automatic;ca;40826;gray;black;nissan infiniti lt;19450;20750;12:30:00;Thu;Dec 18 2014;cheap;low_mileage;new
sajwa2ge8bmv03003;37;2011;Jaguar;XJ;XJL Supercharged;Sedan;automatic;ca;33305;burgundy;beige;jpmorgan chase bank n.a.;41100;44000;12:30:00;Thu;Dec 18 2014;medium;low_mileage;new
jn1cv6ekxbm214925;42;2011;Infiniti;G Coupe;G37;G Coupe;automatic;ca;49807;gray;black;nissan infiniti lt;19000;21250;04:30:00;Wed;Jan 14 2015;cheap;medium_mileage;new
salsf2d4xba264977;37;2011;Land Rover;Range Rover Sport;HSE;SUV;automatic;ca;73832;white;black;fiserv/usb dealer services northstar exchange;31600;31000;12:30:00;Thu;Dec 18 2014;medium;medium_mileage;new
jn1cv6ap5bm508377;25;2011;Infiniti;G Sedan;G37 Journey;G Sedan;automatic;ca;28390;white;gray;nissan infiniti lt;20600;14500;04:30:00;Tue;Jan 06 2015;cheap;low_mileage;new
jn1cv6ek6bm215568;42;2011;Infiniti;G Coupe;G37;G Coupe;automatic;ca;22051;gray;black;nissan infiniti lt;22200;20500;12:30:00;Thu;Dec 18 2014;cheap;low_mileage;new
1j4ba6h1xbl580309;44;2011;Jeep;Wrangler;Unlimited Rubicon;SUV;null;ca;79269;white;black;titlebucks/tucson az1;23700;22000;12:30:00;Wed;Dec 17 2014;cheap;medium_mileage;new
jm1bl1m60b1452712;29;2011;Mazda;Mazda3;s Grand Touring;Hatchback;automatic;ca;36985;silver;black;jpmorgan chase bank n.a.;12450;13000;12:30:00;Tue;Dec 16 2014;cheap;low_mileage;new
jn1cv6el5bm261191;3;2011;Infiniti;G Coupe;G37x;G Coupe;automatic;ca;16454;gray;beige;nissan infiniti lt;23300;22000;12:30:00;Wed;Dec 17 2014;cheap;low_mileage;new
jn1cv6ek0bm215503;41;2011;Infiniti;G Coupe;G37;G Coupe;automatic;ca;48267;white;black;nissan infiniti lt;19600;20250;12:30:00;Thu;Dec 18 2014;cheap;medium_mileage;new
wddgf5eb7ba523281;36;2011;Mercedes-Benz;C-Class;C300 Sport;Sedan;automatic;ca;15250;black;black;mercedes-benz financial services;21400;22500;12:30:00;Thu;Dec 18 2014;cheap;low_mileage;new
jm1bl1m69b1391974;34;2011;Mazda;Mazda3;s Grand Touring;Hatchback;automatic;ca;43310;gray;black;jpmorgan chase bank n.a.;12150;14250;12:30:00;Tue;Dec 16 2014;cheap;low_mileage;new
wp0aa2a72bl011625;47;2011;Porsche;Panamera;Base;Sedan;automatic;ca;54395;black;black;mckenna audi/mckenna bmw;44100;44000;12:00:00;Thu;Dec 18 2014;medium;medium_mileage;new
3vwlz7aj0bm317969;19;2011;Volkswagen;Jetta;SEL PZEV;Sedan;automatic;ca;62156;silver;black;meridian remarketing;9950;9000;04:30:00;Wed;Jan 21 2015;cheap;medium_mileage;new
4s4brbcc7b3411201;34;2011;Subaru;Outback;2.5i Premium;Wagon;automatic;ca;42814;gray;black;jpmorgan chase bank n.a.;16300;17250;12:00:00;Thu;Dec 18 2014;cheap;low_mileage;new
3n1ab6ap5bl725745;36;2011;Nissan;Sentra;2.0 SR;Sedan;automatic;ca;39958;white;gray;nissan-infiniti lt;9250;10750;12:30:00;Tue;Dec 16 2014;cheap;low_mileage;new
1gcktbd91a8144907;28;2010;Chevrolet;Colorado;Work Truck;Extended Cab;automatic;ca;69752;white;black;donlen corporation;10850;10400;12:00:00;Thu;Dec 18 2014;cheap;medium_mileage;avarage
4t1bf3ek5bu175709;35;2011;Toyota;Camry;LE;Sedan;automatic;ca;95309;gray;gray;first investors servicing corp;8725;8900;12:30:00;Tue;Dec 16 2014;cheap;medium_mileage;new
wvwhd7aj0bw166946;2;2011;Volkswagen;GTI;Autobahn PZEV;Hatchback;automatic;ca;18924;gray;black;north bakersfield toyota scion;16750;15500;12:00:00;Tue;Dec 23 2014;cheap;low_mileage;new
2t1bu4ee7bc628588;25;2011;Toyota;Corolla;LE;Sedan;automatic;ca;81105;gray;gray;nextgear capital;8075;7500;12:30:00;Wed;Dec 17 2014;cheap;medium_mileage;new
jf1gv7e62bg522943;1;2011;Subaru;Impreza;WRX;Sedan;manual;ca;65983;gray;black;american car finance inc;16550;9250;11:00:00;Wed;Jan 07 2015;cheap;medium_mileage;new
1n4al2ap8bc151095;38;2011;Nissan;Altima;2.5 S;Sedan;automatic;ca;100301;burgundy;black;santander consumer;7550;8400;12:00:00;Thu;Dec 18 2014;cheap;high_mileage;new
3n1ab6ap1bl719179;19;2011;Nissan;Sentra;2.0 SR;Sedan;automatic;ca;48887;silver;gray;wells fargo dealer services;7950;7800;15:00:00;Fri;Dec 26 2014;cheap;medium_mileage;new
jn1az0cp0bt008655;42;2011;Nissan;Leaf;SL;Hatchback;automatic;ca;19621;—;gray;nissan-infiniti lt;10600;12000;12:30:00;Tue;Dec 16 2014;cheap;low_mileage;new
wa1lyafe4ad000084;null;2010;Audi;Q7;3.6 Premium quattro;SUV;null;ca;27299;gray;—;remarketing by ge/manheim riverside;30400;29000;12:30:00;Wed;Dec 17 2014;cheap;low_mileage;avarage
jn8as5mtxbw572133;42;2011;Nissan;Rogue;SV;SUV;null;ca;37400;gray;gray;nissan-infiniti lt;14900;14500;12:30:00;Tue;Dec 16 2014;cheap;low_mileage;new
3vw2k7aj0bm377539;1;2011;Volkswagen;Jetta;Base;Sedan;automatic;ca;33187;gray;black;vw credit;8075;6800;12:00:00;Tue;Dec 16 2014;cheap;low_mileage;new
jn8az1mu5bw066867;38;2011;Nissan;Murano;SL;SUV;null;ca;21655;—;beige;nissan-infiniti lt;18900;20750;12:30:00;Tue;Dec 16 2014;cheap;low_mileage;new
jm1bl1sg3a1163933;27;2010;Mazda;Mazda3;i Touring;Sedan;null;ca;117982;gray;black;jpmorgan chase bank n.a.;4750;5500;12:30:00;Tue;Dec 16 2014;cheap;high_mileage;avarage
1hgcp2f3xaa176069;2;2010;Honda;Accord;LX;Sedan;automatic;ca;71443;silver;black;jpmorgan chase bank n.a.;9325;10000;12:00:00;Thu;Dec 18 2014;cheap;medium_mileage;avarage
2lmdj6jc3abj24595;38;2010;Lincoln;MKX;Base;SUV;automatic;ca;42774;white;black;galpin ford studio rentals;17600;17500;12:30:00;Tue;Dec 16 2014;cheap;low_mileage;avarage
2hgfa1f59ah310078;34;2010;Honda;Civic;LX;Sedan;automatic;ca;92060;silver;gray;wescom credit union;7400;8400;12:30:00;Wed;Dec 17 2014;cheap;medium_mileage;avarage
5j6tf1h5xal006383;45;2010;Honda;Accord Crosstour;EX-L;Hatchback;automatic;ca;29870;white;black;american road leasing inc;15000;16750;12:15:00;Wed;Dec 17 2014;cheap;low_mileage;avarage
1nxbu4ee7az299453;34;2010;Toyota;Corolla;LE;Sedan;automatic;ca;53075;silver;gray;jpmorgan chase bank n.a.;8425;10400;12:00:00;Thu;Dec 18 2014;cheap;medium_mileage;avarage
4t3za3bb5au037255;1;2010;Toyota;Venza;Base;Wagon;automatic;ca;72930;blue;tan;toyota financial services;13550;4500;05:30:00;Wed;Feb 04 2015;cheap;medium_mileage;avarage
19xfa1f36ae009695;27;2010;Honda;Civic;DX-VP;Sedan;automatic;ca;65214;blue;gray;jpmorgan chase bank n.a.;8250;8800;12:00:00;Thu;Dec 18 2014;cheap;medium_mileage;avarage
1gkfk06289r161836;3;2009;GMC;Yukon XL;Denali;SUV;automatic;ca;103138;black;black;remarketing by ge/manheim riverside;20100;17000;12:00:00;Tue;Dec 16 2014;cheap;high_mileage;avarage
1hgcp26779a158269;28;2009;Honda;Accord;EX;Sedan;automatic;ca;78127;gray;gray;wells fargo dealer services;9575;11000;12:00:00;Thu;Dec 18 2014;cheap;medium_mileage;avarage
1gbhc44k19e127776;3;2009;chevrolet;2500;slv 4x2 rg work truck;null;automatic;ca;93884;white;black;tradewinds remarketing;10900;10600;12:00:00;Tue;Dec 16 2014;cheap;medium_mileage;avarage
5uxfe43599l262846;4;2009;BMW;X5;xDrive30i;SUV;automatic;ca;76020;black;black;motor city buick gmc;18750;16750;12:30:00;Tue;Dec 16 2014;cheap;medium_mileage;avarage
2cndl33f096226260;3;2009;Chevrolet;Equinox;LT;SUV;automatic;ca;104184;burgundy;gray;wells fargo dealer services;5750;4700;13:00:00;Tue;Dec 16 2014;cheap;high_mileage;avarage
jn1az44e19m402478;27;2009;Nissan;370Z;Base;Coupe;automatic;ca;84969;silver;gray;walters auto sales/service inc;13650;13100;12:30:00;Tue;Dec 23 2014;cheap;medium_mileage;avarage
3gnca53vx9s602433;34;2009;Chevrolet;HHR;LT;Wagon;automatic;ca;92302;gray;tan;premium auto wholesale;5725;5600;04:00:00;Thu;Jan 08 2015;cheap;medium_mileage;avarage
4t1be46k99u293134;27;2009;Toyota;Camry;Base;Sedan;automatic;ca;173082;silver;gray;high line auto inc;5825;6250;12:30:00;Tue;Dec 16 2014;cheap;high_mileage;avarage
3a8fy48919t513327;null;2009;Chrysler;PT Cruiser;Base;Wagon;automatic;ca;102710;black;gray;bmw of monrovia;3050;2300;12:00:00;Thu;Dec 18 2014;cheap;high_mileage;avarage
5uxfe83509l309074;29;2009;BMW;X5;xDrive48i;SUV;automatic;ca;82850;black;brown;high bid trading co inc;19000;18750;12:15:00;Wed;Dec 17 2014;cheap;medium_mileage;avarage
2d4fv47t28h207065;32;2008;Dodge;Magnum;Base;Wagon;automatic;ca;98721;black;black;kia of cerritos;5600;5300;12:30:00;Tue;Dec 16 2014;cheap;medium_mileage;avarage
wmwmf73508tv39256;2;2008;MINI;Cooper;S;Hatchback;automatic;ca;84051;blue;black;cig financial;7000;4400;11:00:00;Wed;Dec 31 2014;cheap;medium_mileage;avarage
1g6dr57v580177356;28;2008;Cadillac;CTS;Base;Sedan;automatic;ca;79004;red;beige;st claire cadillac/ st claire oldsmobile;12450;10700;12:30:00;Wed;Dec 17 2014;cheap;medium_mileage;avarage
2b3la53h18h265673;4;2008;Dodge;Charger;RT;Sedan;automatic;ca;105647;black;black;remarketing by ge/film vehicle services;9325;9700;12:00:00;Thu;Dec 18 2014;cheap;high_mileage;avarage
1d7ha18298s511675;2;2008;Dodge;Ram Pickup 1500;SLT;Quad Cab;automatic;ca;127791;black;gray;stg auto group;9825;7000;12:00:00;Wed;Dec 17 2014;cheap;high_mileage;avarage
wbxpc93438wj14207;null;2008;BMW;X3;3.0si;SUV;automatic;ca;76167;gray;—;honda of serramonte;13000;13100;12:30:00;Wed;Dec 17 2014;cheap;medium_mileage;avarage
1fahp35n18w132249;28;2008;Ford;Focus;SES;Sedan;manual;ca;139311;black;gray;trade in solutions;3200;3800;16:00:00;Tue;Dec 23 2014;cheap;high_mileage;avarage
jn1bz34d88m703415;38;2008;Nissan;350Z;Base;Coupe;automatic;ca;38216;silver;black;skyhigh remarketing inc;11700;15000;12:15:00;Wed;Dec 17 2014;cheap;low_mileage;avarage
wdbuf56x28b200376;37;2008;Mercedes-Benz;E-Class;E350;Sedan;automatic;ca;110796;black;black;walters auto sales/service inc;10250;11000;12:30:00;Tue;Dec 16 2014;cheap;high_mileage;avarage
3n1bc11e98l405310;24;2008;Nissan;Versa;1.8 SL;Sedan;automatic;ca;166920;white;black;repo remarketing/pacific marine credit union;3075;3400;12:30:00;Wed;Jan 07 2015;cheap;high_mileage;avarage
1j8ft28098d766596;29;2008;Jeep;Patriot;Sport;SUV;automatic;ca;111266;white;black;billion dodge chrysler jeep;5325;4300;12:30:00;Wed;Dec 17 2014;cheap;high_mileage;avarage
4t1be46k58u735552;32;2008;Toyota;Camry;LE;Sedan;automatic;ca;82296;gray;gray;first investors servicing corp;7950;8300;12:30:00;Tue;Dec 16 2014;cheap;medium_mileage;avarage
salmf13428a295041;43;2008;Land Rover;Range Rover;Supercharged;SUV;automatic;ca;82038;white;white;phillips auto brokerage;22600;26000;12:30:00;Wed;Dec 17 2014;cheap;medium_mileage;avarage
2hjyk16408h516570;2;2008;Honda;Ridgeline;RTS;Crew Cab;automatic;ca;46068;black;gray;honda of santa maria;14600;14500;12:00:00;Thu;Jan 08 2015;cheap;medium_mileage;avarage
4t1bb46k38u034811;null;2008;Toyota;Camry Hybrid;Base;Sedan;automatic;ca;87932;silver;—;blvd motors;8875;9300;12:30:00;Wed;Dec 17 2014;cheap;medium_mileage;avarage
jm1bk344881836551;36;2008;Mazda;Mazda3;s Sport;Hatchback;automatic;ca;114289;white;black;livermore toyota and livermore scion;5025;6600;12:30:00;Wed;Dec 17 2014;cheap;high_mileage;avarage
1n4al24e18c238453;26;2008;Nissan;Altima;2.5 S;Coupe;automatic;ca;73818;black;black;onemain rem/delta dealer;8000;9200;12:30:00;Wed;Dec 31 2014;cheap;medium_mileage;avarage
4jgbf71e08a424077;28;2008;Mercedes-Benz;GL-Class;GL450;SUV;automatic;ca;93725;black;beige;rancho ford;16600;15000;04:00:00;Thu;Jan 15 2015;cheap;medium_mileage;avarage
jteds42a482029425;null;2008;Toyota;Highlander;Limited;SUV;automatic;ca;66400;gold;—;jimmy vasser toyota;16200;17800;12:30:00;Wed;Dec 17 2014;cheap;medium_mileage;avarage
5j8tb18557a005780;null;2007;Acura;RDX;Base;SUV;null;ca;174828;black;—;walters auto sales/service inc;5675;6600;12:30:00;Tue;Dec 16 2014;cheap;high_mileage;avarage
5uxfe83587lz45593;null;2007;BMW;X5;4.8i;SUV;automatic;ca;131819;gray;—;honda of hayward;11000;8800;12:30:00;Wed;Dec 17 2014;cheap;high_mileage;avarage
2b3la53h27h661979;2;2007;Dodge;Charger;RT;Sedan;automatic;ca;142826;silver;gray;veros credit;5800;3800;11:00:00;Wed;Dec 17 2014;cheap;high_mileage;avarage
1gker23727j159210;24;2007;GMC;Acadia;SLT-1;SUV;automatic;ca;126369;black;gray;repo remarketing/coast hills fcu;9050;8000;12:30:00;Wed;Dec 17 2014;cheap;high_mileage;avarage
3a4fy58b97t596366;19;2007;Chrysler;PT Cruiser;Touring;Wagon;automatic;ca;90376;yellow;gray;lincoln financial services;2275;1850;12:30:00;Wed;Dec 17 2014;cheap;medium_mileage;avarage
1gyee637270129848;29;2007;Cadillac;SRX;V6;SUV;automatic;ca;73919;gray;gray;exeter finance corp;9275;7400;12:00:00;Thu;Dec 18 2014;cheap;medium_mileage;avarage
1j4gk58k87w509282;31;2007;Jeep;Liberty;Limited;SUV;null;ca;141485;white;gray;gm financial;4175;4100;12:30:00;Wed;Dec 17 2014;cheap;high_mileage;avarage
1hgcm554x7a177316;24;2007;Honda;Accord;LX;Sedan;manual;ca;103234;silver;gray;california republic bank;6250;6750;12:30:00;Wed;Dec 17 2014;cheap;high_mileage;avarage
2b3ka43rx7h797047;19;2007;Dodge;Charger;Base;Sedan;automatic;ca;124140;black;black;repo remarketing/north island fcu;4825;3800;04:30:00;Wed;Jan 21 2015;cheap;high_mileage;avarage
jnras08u07x100641;25;2007;Infiniti;FX35;Base;SUV;automatic;ca;112101;brown;black;luxury cars inc;10650;11000;12:30:00;Tue;Dec 16 2014;cheap;high_mileage;avarage
jtdkb20u773243833;35;2007;Toyota;Prius;Base;Hatchback;automatic;ca;168641;gray;gray;san diego sports cars;4575;5500;12:15:00;Wed;Dec 17 2014;cheap;high_mileage;avarage
wddng71x47a041960;null;2007;Mercedes-Benz;S-Class;S550;Sedan;null;ca;121679;black;—;walters auto sales/service inc;17050;15800;12:30:00;Tue;Dec 16 2014;cheap;high_mileage;avarage
jtkde167570194069;23;2007;Scion;tC;Base;Hatchback;automatic;ca;97659;gray;—;cig financial;5900;7300;12:30:00;Wed;Dec 17 2014;cheap;medium_mileage;avarage
wddng71x37a074951;42;2007;Mercedes-Benz;S-Class;S550;Sedan;automatic;ca;123173;silver;black;platinum motors;16100;16800;12:30:00;Wed;Dec 31 2014;cheap;high_mileage;avarage
3vwpg71k67m029087;33;2007;Volkswagen;Jetta;2.5 PZEV;Sedan;automatic;ca;102302;gray;gray;billion dodge chrysler jeep;4150;5200;12:30:00;Wed;Dec 17 2014;cheap;high_mileage;avarage
1g2zh18n074188287;2;2007;Pontiac;G6;GT;Coupe;automatic;ca;108476;white;gray;lincoln financial services;4325;3100;12:30:00;Wed;Dec 17 2014;cheap;high_mileage;avarage
wauac48h96k003325;32;2006;Audi;A4;1.8T;Convertible;automatic;ca;60586;gray;gray;coastal credit llc / jacksonville / orange park;8375;5600;04:30:00;Wed;Jan 14 2015;cheap;medium_mileage;avarage
wbavb13546pt21744;29;2006;BMW;3 Series;325i;Sedan;automatic;ca;64207;purple;tan;high bid trading co inc;8050;9000;12:15:00;Wed;Dec 17 2014;cheap;medium_mileage;avarage
wdbsk71f07f119106;44;2007;Mercedes-Benz;SL-Class;SL550;Convertible;automatic;ca;53062;red;beige;desert auto trade;24500;27750;12:30:00;Thu;Dec 18 2014;cheap;medium_mileage;avarage
2t2gk31u77c002495;19;2007;Lexus;RX 350;Base;SUV;automatic;ca;252534;silver;black;wells fargo dealer services;8200;7400;12:00:00;Thu;Dec 18 2014;cheap;high_mileage;avarage
wbavb135x6kr64757;null;2006;BMW;3 Series;325i;Sedan;automatic;ca;184049;red;gray;veros credit;3800;1300;13:00:00;Tue;Dec 16 2014;cheap;high_mileage;avarage
1n4cl21e07c224684;41;2007;Nissan;Altima Hybrid;Base;Sedan;automatic;ca;129470;white;gray;onemain rem/delta dealer;5075;6700;12:30:00;Wed;Dec 17 2014;cheap;high_mileage;avarage
jthbk262775028669;24;2007;Lexus;IS 250;Base;Sedan;automatic;ca;104290;gray;black;remarketing by ge/mission fcu;11200;9750;12:00:00;Tue;Dec 16 2014;cheap;high_mileage;avarage
4m2cu81157kj01552;4;2007;Mercury;Mariner;Luxury;SUV;null;ca;62886;gray;gray;santander consumer;7325;7100;12:00:00;Thu;Dec 18 2014;cheap;medium_mileage;avarage
wddng71x17a073264;44;2007;Mercedes-Benz;S-Class;S550;Sedan;automatic;ca;46151;black;black;desert auto trade;23000;29000;12:30:00;Tue;Dec 16 2014;cheap;medium_mileage;avarage
3a4fy58b86t350746;24;2006;Chrysler;PT Cruiser;Touring;Wagon;automatic;ca;112170;silver;gray;first credit finance;2100;2300;12:30:00;Wed;Dec 17 2014;cheap;high_mileage;avarage
5fnrl38446b401763;36;2006;Honda;Odyssey;EX;Minivan;automatic;ca;180282;gold;tan;honda cars of corona;3350;4900;12:15:00;Wed;Dec 17 2014;cheap;high_mileage;avarage
2gcec13v261286585;36;2006;Chevrolet;Silverado 1500;LS2;Crew Cab;automatic;ca;127478;white;gray;california republic bank;7525;8000;12:30:00;Wed;Dec 17 2014;cheap;high_mileage;avarage
1g1al15f267620033;31;2006;Chevrolet;Cobalt;LT;Coupe;automatic;ca;145455;white;black;quality acceptance;2025;1950;12:00:00;Thu;Dec 18 2014;cheap;high_mileage;avarage
1ftww31p06ea50558;19;2006;Ford;F-350 Super Duty;Lariat;Crew Cab;automatic;ca;58843;gray;gray;800 loan mart;19450;14500;12:00:00;Thu;Dec 18 2014;cheap;medium_mileage;avarage
1ftpx12576fa21927;null;2006;Ford;F-150;XLT;SuperCab;automatic;ca;125794;white;gray;david wilsons ford of orange;6750;4500;13:00:00;Wed;Dec 17 2014;cheap;high_mileage;avarage
2gtec13v661276173;33;2006;GMC;Sierra 1500;SL2;Crew Cab;automatic;ca;122585;black;gray;century dealer services corp;8450;9400;12:30:00;Wed;Dec 17 2014;cheap;high_mileage;avarage
km8jn12d66u447375;2;2006;Hyundai;Tucson;GLS;SUV;automatic;ca;102662;black;gray;abc remarketing inc;5225;3700;12:00:00;Thu;Dec 18 2014;cheap;high_mileage;avarage
2c3la43r26h471832;19;2006;Chrysler;300;Base;Sedan;automatic;ca;120175;black;black;quality acceptance;4600;4100;12:00:00;Thu;Dec 18 2014;cheap;high_mileage;avarage
jthbn96s165014331;null;2006;Lexus;GS 430;Base;Sedan;null;ca;165992;gray;—;bmw of murrieta;9475;9250;12:30:00;Tue;Dec 16 2014;cheap;high_mileage;avarage
1nxbr32e56z600356;21;2006;Toyota;Corolla;LE;Sedan;automatic;ca;145746;silver;gray;springleaf financial services/evansville;4250;4000;12:30:00;Wed;Dec 17 2014;cheap;high_mileage;avarage
yv4cz852261296537;29;2006;Volvo;XC90;V8;SUV;automatic;ca;121560;silver;beige;remarketing by ge/manheim california;6425;2500;12:30:00;Wed;Dec 31 2014;cheap;high_mileage;avarage
yv4cz852761291270;44;2006;Volvo;XC90;V8;SUV;automatic;ca;120414;gray;gray;national auto clearing house;6025;7400;12:30:00;Tue;Dec 16 2014;cheap;high_mileage;avarage
4jgbb86e76a033158;43;2006;Mercedes-Benz;M-Class;ML350;SUV;automatic;ca;154716;blue;gray;desert auto trade;7875;8400;12:30:00;Tue;Dec 16 2014;cheap;high_mileage;avarage
wdbtk56g56t056112;28;2006;Mercedes-Benz;CLK-Class;CLK350;Convertible;automatic;ca;143788;silver;black;orange county's credit union;6300;5000;12:05:00;Wed;Dec 17 2014;cheap;high_mileage;avarage
jtlkt324864046327;null;2006;Scion;xB;Base;Wagon;automatic;ca;226681;white;black;toyota of poway;1725;2600;12:30:00;Wed;Dec 17 2014;cheap;high_mileage;avarage
wmwre33516tj35803;29;2006;MINI;Cooper;S;Hatchback;automatic;ca;89953;gray;gray;claremont volkswagen;5525;6700;12:00:00;Thu;Dec 18 2014;cheap;medium_mileage;avarage
3vwsf31y66m301727;29;2006;Volkswagen;New Beetle;2.5;Convertible;automatic;ca;89803;white;beige;hoehn motors inc;3975;3600;12:30:00;Wed;Dec 17 2014;cheap;medium_mileage;avarage
wa1yd64b45n024988;19;2005;Audi;allroad quattro;Base;Wagon;automatic;ca;121261;blue;black;k & s auto sales;4975;2900;12:30:00;Tue;Dec 16 2014;cheap;high_mileage;avarage
1n4bl11dx6c175070;27;2006;Nissan;Altima;3.5 SE;Sedan;automatic;ca;53320;gray;gray;billion dodge chrysler jeep;6725;4600;12:30:00;Wed;Dec 17 2014;cheap;medium_mileage;avarage
jthbh96s365010949;null;2006;Lexus;GS 300;Base;Sedan;automatic;ca;142333;silver;—;apexcars net;9600;9000;12:30:00;Wed;Dec 17 2014;cheap;high_mileage;avarage
wvwev71k26w084800;1;2006;Volkswagen;GTI;Base;Hatchback;manual;ca;110615;black;black;wells fargo dealer services;4750;4000;04:00:00;Thu;Jan 15 2015;cheap;high_mileage;avarage
1fadp3f20el230981;1;2014;Ford;Focus;SE;Sedan;automatic;ca;32796;gray;—;enterprise vehicle exchange / tra / rental / tulsa;11600;5700;15:05:00;Wed;Dec 31 2014;cheap;low_mileage;new
1fm5k8d80egb28151;45;2014;Ford;Explorer;XLT;SUV;automatic;ca;25349;silver;beige;ford motor credit company;28200;28800;05:00:00;Wed;Jan 07 2015;cheap;low_mileage;new
1fadp3f28el322467;1;2014;Ford;Focus;SE;Sedan;automatic;ca;9151;gray;gray;enterprise vehicle exchange / tra / rental / tulsa;12950;5500;12:30:00;Thu;Jan 08 2015;cheap;low_mileage;new
1fadp3k20el231571;33;2014;Ford;Focus;SE;Hatchback;null;ca;21022;silver;black;ford motor credit company;12500;11800;12:00:00;Thu;Dec 18 2014;cheap;low_mileage;new
1fbne3bl6eda15154;23;2014;Ford;E-Series Wagon;E-350 Super Duty XLT;Van;null;ca;22173;white;gray;ford motor credit company;19500;18700;04:00:00;Thu;Jan 29 2015;cheap;low_mileage;new
1fm5k7f88ega23008;47;2014;Ford;Explorer;Limited;SUV;null;ca;8157;black;gray;ford motor credit company llc;30600;32100;12:00:00;Thu;Dec 18 2014;medium;low_mileage;new
wba3c1c51ek116351;45;2014;BMW;3 Series;328i SULEV;Sedan;automatic;ca;1331;gray;black;financial services remarketing (lease);31900;30000;04:30:00;Thu;Jan 15 2015;cheap;low_mileage;new
1n4al3ap5fc124223;2;2015;Nissan;Altima;2.5 S;Sedan;automatic;ca;11398;black;black;enterprise vehicle exchange / tra / rental / tulsa;14750;14100;12:00:00;Tue;Dec 23 2014;cheap;low_mileage;new
wbayp9c53ed169260;34;2014;BMW;6 Series;650i;Convertible;automatic;ca;8819;black;black;the hertz corporation;68000;67200;12:30:00;Wed;Dec 17 2014;expensive;low_mileage;new
2g1fb3d31e9134662;null;2014;Chevrolet;Camaro;LT;Convertible;automatic;ca;33450;black;black;avis rac/san leandro;20100;14700;12:00:00;Tue;Dec 16 2014;cheap;low_mileage;new
2g1fb1e35e9238493;31;2014;Chevrolet;Camaro;LT;Coupe;automatic;ca;9914;black;black;midway hfc fleet/ars;22500;20600;12:00:00;Thu;Dec 18 2014;cheap;low_mileage;new
wbsfv9c54ed593085;38;2014;BMW;M5;Base;Sedan;automatic;ca;13386;white;black;the hertz corporation;67000;65000;12:30:00;Thu;Dec 18 2014;expensive;low_mileage;new
5npdh4ae2fh566023;2;2015;Hyundai;Elantra;SE;Sedan;automatic;ca;10551;red;gray;enterprise vehicle exchange / tra / rental / tulsa;13850;10600;13:00:00;Tue;Jan 13 2015;cheap;low_mileage;new
3fa6p0h7xfr151689;1;2015;Ford;Fusion;SE;Sedan;automatic;ca;4205;white;black;enterprise vehicle exchange / tra / rental / tulsa;14700;12000;15:05:00;Wed;Dec 17 2014;cheap;low_mileage;new
jn1cv6ek4dm921604;45;2013;Infiniti;G Coupe;G37 Sport;G Coupe;automatic;ca;14716;white;black;nissan infiniti lt;25900;25000;12:30:00;Thu;Dec 18 2014;cheap;low_mileage;new
kmhdh4ae9du490167;26;2013;Hyundai;Elantra;GLS;Sedan;automatic;ca;56651;red;beige;hyundai motor finance;10250;10700;12:00:00;Tue;Dec 16 2014;cheap;medium_mileage;new
jn1cv6ap9dm712232;35;2013;Infiniti;G Sedan;G37 Journey;G Sedan;automatic;ca;26888;white;gray;nissan infiniti lt;22400;23250;12:30:00;Thu;Dec 18 2014;cheap;low_mileage;new
kmhec4a48da092248;46;2013;Hyundai;Sonata Hybrid;Limited;Sedan;automatic;ca;13736;black;beige;hyundai motor america/co car;18350;17700;12:00:00;Tue;Dec 16 2014;cheap;low_mileage;new
jn1cv6ap8dm716627;36;2013;Infiniti;G Sedan;G37 Journey;G Sedan;automatic;ca;23104;blue;black;nissan infiniti lt;22900;22750;12:30:00;Thu;Dec 18 2014;cheap;low_mileage;new
5npeb4ac5dh743407;37;2013;Hyundai;Sonata;GLS;Sedan;automatic;ca;36194;silver;gray;avis rac/san leandro;12150;13200;12:30:00;Wed;Dec 17 2014;cheap;low_mileage;new
jn1cv6ek1dm921866;26;2013;Infiniti;G Coupe;G37 Sport;G Coupe;automatic;ca;12735;black;black;nissan infiniti lt;26300;22500;12:30:00;Tue;Dec 16 2014;cheap;low_mileage;new
jn1cv6apxdm714264;46;2013;Infiniti;G Sedan;G37 Journey;G Sedan;automatic;ca;10610;white;gray;nissan infiniti lt;24400;23500;12:30:00;Thu;Dec 18 2014;cheap;low_mileage;new
5npeb4ac6dh743092;44;2013;Hyundai;Sonata;GLS;Sedan;automatic;ca;36991;white;beige;avis rac/san leandro;12100;13400;12:30:00;Wed;Dec 17 2014;cheap;low_mileage;new
5npdh4ae7dh225536;37;2013;Hyundai;Elantra;Limited;Sedan;automatic;ca;13871;white;black;hyundai motor america/co car;15100;15900;12:00:00;Tue;Dec 16 2014;cheap;low_mileage;new
jn1cv6ap8dm715803;43;2013;Infiniti;G Sedan;G37 Journey;G Sedan;automatic;ca;13273;gray;gray;nissan infiniti lt;24100;25750;12:30:00;Thu;Dec 18 2014;cheap;low_mileage;new
1n4al3ap3dn535427;36;2013;Nissan;Altima;2.5;Sedan;automatic;ca;37136;red;beige;avis corporation;12900;13800;12:30:00;Tue;Dec 16 2014;cheap;low_mileage;new
ja4jt3aw5du020785;39;2013;Mitsubishi;Outlander;SE;SUV;automatic;ca;36071;silver;black;avis rac/san leandro;14750;15000;12:30:00;Wed;Dec 31 2014;cheap;low_mileage;new
jn1cv6ap5dm715922;36;2013;Infiniti;G Sedan;G37 Journey;G Sedan;automatic;ca;36931;gray;black;nissan infiniti lt;21300;22250;12:30:00;Wed;Dec 17 2014;cheap;low_mileage;new
knadm4a3xd6124671;28;2013;Kia;Rio;LX;Sedan;automatic;ca;31406;silver;black;primeritus remarketing/oregon comm credit;9775;8900;12:30:00;Wed;Dec 17 2014;cheap;low_mileage;new
1n4al3ap1dc259891;37;2013;Nissan;Altima;2.5;Sedan;automatic;ca;47601;black;black;merchants leasing;12600;12200;16:00:00;Tue;Dec 30 2014;cheap;medium_mileage;new
knadm4a36d6256603;4;2013;Kia;Rio;LX;Sedan;automatic;ca;36667;black;beige;avis rac/san leandro;9375;9800;12:30:00;Wed;Dec 31 2014;cheap;low_mileage;new
wddpk5ha1df065483;44;2013;Mercedes-Benz;SLK-Class;SLK350;Convertible;automatic;ca;8470;black;—;mercedes-benz finc wholesale advantage;44700;37000;04:30:00;Thu;Jan 15 2015;medium;low_mileage;new
1n4al2ep0dc231309;1;2013;Nissan;Altima;2.5 S;Coupe;automatic;ca;33985;black;black;remarketing by ge/manheim southern california;13700;8000;13:00:00;Tue;Dec 23 2014;cheap;low_mileage;new
1c4njceb2dd229860;41;2013;Jeep;Compass;Latitude;SUV;automatic;ca;32090;white;black;chrysler capital;12600;13900;12:00:00;Thu;Dec 18 2014;cheap;low_mileage;new
5n1al0mm4dc337764;37;2013;Infiniti;JX;JX35;SUV;automatic;ca;37738;gray;beige;nissan infiniti lt;32000;32250;12:30:00;Wed;Dec 17 2014;medium;low_mileage;new
salak2d48da693027;44;2013;Land Rover;LR4;HSE LUX;SUV;automatic;ca;2059;gray;black;land rover north america llc;58500;42000;12:30:00;Thu;Dec 18 2014;medium;low_mileage;new
jn1cv6el5dm980105;35;2013;Infiniti;G Coupe;G37x;G Coupe;automatic;ca;10055;gray;black;nissan infiniti lt;26300;27000;12:30:00;Wed;Dec 17 2014;cheap;low_mileage;new
jn1cv6ap9dm300540;43;2013;Infiniti;G Sedan;G37 Journey;G Sedan;manual;ca;21898;gray;black;nissan infiniti lt;25400;26250;12:30:00;Wed;Dec 17 2014;cheap;low_mileage;new
wddng7db3da492051;44;2013;Mercedes-Benz;S-Class;S550;Sedan;automatic;ca;14557;black;black;mercedes-benz financial services;53000;51500;04:30:00;Thu;Jan 29 2015;medium;low_mileage;new
jn1cv6arxdm750005;38;2013;Infiniti;G Sedan;G37x;G Sedan;automatic;ca;46548;gray;gray;nissan infiniti lt;20700;21000;12:30:00;Thu;Dec 18 2014;cheap;medium_mileage;new
wddhf2eb5da710377;47;2013;Mercedes-Benz;E-Class;E350 Sport BlueTEC;Sedan;automatic;ca;28463;—;black;mercedes-benz financial services;36900;36250;12:30:00;Thu;Dec 18 2014;medium;low_mileage;new
wddgf4hb0dr255362;43;2013;Mercedes-Benz;C-Class;C250 Sport;Sedan;automatic;ca;23615;white;black;hoehn motors inc;22600;22250;12:30:00;Tue;Dec 16 2014;cheap;low_mileage;new
1n4al3ap0dc283888;4;2013;Nissan;Altima;2.5;Sedan;automatic;ca;39159;silver;black;enterprise vehicle exchange/orange;12800;13500;12:30:00;Tue;Dec 16 2014;cheap;low_mileage;new
1n4al3ap8dc261914;35;2013;Nissan;Altima;2.5;Sedan;automatic;ca;45568;black;black;merchants leasing;12550;12000;12:30:00;Wed;Dec 17 2014;cheap;medium_mileage;new
1n4al3ap3dc208697;41;2013;Nissan;Altima;2.5;Sedan;automatic;ca;21968;white;beige;nissan dealer blend/ross nissan of el monte;13650;13750;12:30:00;Tue;Dec 16 2014;cheap;low_mileage;new
jn1by1ap6dm514665;45;2013;Infiniti;M;M37;Sedan;automatic;ca;8691;black;black;nissan north america inc.;34800;33500;12:30:00;Thu;Dec 18 2014;medium;low_mileage;new
ja32u2fu2du019813;28;2013;Mitsubishi;Lancer;ES;Sedan;automatic;ca;38311;red;black;avis corporation;9900;10100;11:30:00;Thu;Dec 18 2014;cheap;low_mileage;new
5yfbu4ee9dp201867;null;2013;Toyota;Corolla;LE;Sedan;automatic;ca;30464;white;gray;hertz/tra;11650;4500;15:10:00;Wed;Dec 17 2014;cheap;low_mileage;new
1n4al3ap6dn529198;41;2013;Nissan;Altima;2.5;Sedan;automatic;ca;13675;beige;tan;nissan-infiniti lt;15150;14750;12:30:00;Tue;Dec 16 2014;cheap;low_mileage;new
3vwdp7aj3dm427539;33;2013;Volkswagen;Jetta;SE PZEV;Sedan;automatic;ca;39554;black;black;avis corporation;10850;11400;12:30:00;Tue;Dec 16 2014;cheap;low_mileage;new
1n6ad0ev2dn761759;43;2013;Nissan;Frontier;SV;Crew Cab;automatic;ca;15240;white;gray;exeter finance corp;22000;22750;12:00:00;Thu;Dec 18 2014;cheap;low_mileage;new
3vwdp7aj1dm402803;4;2013;Volkswagen;Jetta;SE PZEV;Sedan;automatic;ca;37508;black;black;avis corporation;10950;11600;12:30:00;Tue;Dec 16 2014;cheap;low_mileage;new
jn8as5mt8dw001968;39;2013;Nissan;Rogue;SV;SUV;automatic;ca;32117;red;black;wells fargo dealer services;15800;15800;12:00:00;Thu;Dec 18 2014;cheap;low_mileage;new
wp0aa2a73dl016450;39;2013;Porsche;Panamera;Base;Sedan;automatic;ca;12379;black;black;the hertz corporation;61000;59750;12:30:00;Thu;Dec 18 2014;medium;low_mileage;new
4t3za3bb6du074111;36;2013;Toyota;Venza;LE;Wagon;automatic;ca;38288;white;beige;avis rac/san leandro;16850;17100;12:30:00;Wed;Dec 17 2014;cheap;low_mileage;new
4t3za3bb5du071636;4;2013;Toyota;Venza;LE;Wagon;automatic;ca;38759;white;beige;avis corporation;17250;17500;12:30:00;Tue;Dec 23 2014;cheap;low_mileage;new
wbalz3c5xcdl71530;38;2012;BMW;6 Series;650i;Convertible;automatic;ca;28925;white;black;financial services remarketing (lease);48500;50500;12:30:00;Thu;Dec 18 2014;medium;low_mileage;new
wauggafc1cn055417;35;2012;Audi;A6;3.0T Premium quattro;Sedan;automatic;ca;36541;—;beige;high bid trading co inc;29800;29000;12:00:00;Thu;Dec 18 2014;cheap;low_mileage;new
wbaka4c54cc613856;47;2012;BMW;7 Series;740i;Sedan;automatic;ca;17189;black;—;financial services remarketing (lease);40100;25000;12:30:00;Thu;Dec 18 2014;cheap;low_mileage;new
wbafr7c59cc808346;27;2012;BMW;5 Series;535i;Sedan;automatic;ca;33760;gray;black;financial services remarketing (lease);34200;32750;12:30:00;Thu;Dec 18 2014;medium;low_mileage;new
wbaup9c54cvf46588;29;2012;BMW;1 Series;128i;Coupe;manual;ca;37168;blue;gray;financial services remarketing (lease);18100;18000;12:30:00;Thu;Dec 18 2014;cheap;low_mileage;new
wbsdx9c50ce784530;35;2012;BMW;M3;Base;Convertible;automatic;ca;25240;black;black;financial services remarketing (lease);42000;42500;12:30:00;Thu;Dec 18 2014;medium;low_mileage;new
wbalz3c58cdl71784;4;2012;BMW;6 Series;650i;Convertible;automatic;ca;28606;gray;black;financial services remarketing (lease);48600;49500;12:30:00;Thu;Dec 18 2014;medium;low_mileage;new
wbalz3c55cdl70821;44;2012;BMW;6 Series;650i;Convertible;automatic;ca;53404;white;—;financial services remarketing (lease);43500;43500;12:30:00;Thu;Dec 18 2014;medium;medium_mileage;new
wbalz3c5xcdl71009;34;2012;BMW;6 Series;650i;Convertible;automatic;ca;26807;black;—;financial services remarketing (lease);48700;47000;04:30:00;Thu;Jan 15 2015;medium;low_mileage;new
wbake5c53ce755730;44;2012;BMW;3 Series;328i;Coupe;automatic;ca;47581;white;off-white;financial services remarketing (lease);20900;21250;12:30:00;Thu;Dec 18 2014;cheap;medium_mileage;new
wbakb8c52cc962471;41;2012;bmw;750li;750li;null;automatic;ca;53746;black;black;financial services remarketing (lease);38800;39500;12:30:00;Thu;Dec 18 2014;medium;medium_mileage;new
wba3a5c50cfj88662;null;2012;BMW;3 Series;328i;Sedan;automatic;ca;57117;gray;—;onemain rem/manheim san francisco bay;22400;17500;00:00:00;Wed;Dec 17 2014;cheap;medium_mileage;new
wbalz3c58cdl72739;43;2012;BMW;6 Series;650i;Convertible;automatic;ca;30156;white;—;financial services remarketing (lease);48200;48500;12:30:00;Thu;Dec 18 2014;medium;low_mileage;new
3c3cffbr5ct382578;28;2012;FIAT;500;Sport;Hatchback;manual;ca;37547;black;black;nvp remarketing;8575;8000;12:00:00;Tue;Dec 16 2014;cheap;low_mileage;new
2fmdk3jc6cba33928;41;2012;Ford;Edge;SEL;SUV;automatic;ca;31495;blue;black;ford motor credit company llc pd;19550;18300;12:00:00;Thu;Dec 18 2014;cheap;low_mileage;new
1g1zd5e01cf385922;38;2012;Chevrolet;Malibu;LT;Sedan;automatic;ca;67321;silver;black;the hertz corporation/gm;9400;9300;12:30:00;Tue;Dec 16 2014;cheap;medium_mileage;new
2fmdk3jc3cba60133;44;2012;Ford;Edge;SEL;SUV;automatic;ca;31566;blue;black;ford motor credit company llc pd;19550;19800;12:00:00;Thu;Dec 18 2014;cheap;low_mileage;new
1g1pg5sc6c7268604;3;2012;Chevrolet;Cruze;2LT;Sedan;automatic;ca;57479;silver;black;the hertz corporation/gm;9275;9300;12:30:00;Tue;Dec 16 2014;cheap;medium_mileage;new
1fdne1bw1cdb07405;38;2012;ford;e150;wagon v8;null;automatic;ca;102647;white;gray;vpsi  inc;8575;8800;12:30:00;Wed;Dec 17 2014;cheap;high_mileage;new
1c3cdzabxcn259189;21;2012;Dodge;Avenger;SE;Sedan;automatic;ca;49312;gray;black;dtg operations inc;8550;7000;12:30:00;Tue;Dec 16 2014;cheap;medium_mileage;new
1fmcu0d75cka90856;47;2012;Ford;Escape;XLT;SUV;automatic;ca;11112;white;beige;ford motor credit company llc pd;15800;17200;12:00:00;Thu;Dec 18 2014;cheap;low_mileage;new
1c3ccbab4cn316982;37;2012;Chrysler;200;LX;Sedan;null;ca;63985;gray;black;dtg operations inc;8325;8600;11:30:00;Thu;Dec 18 2014;cheap;medium_mileage;new
1gcesbf91c8117688;3;2012;Chevrolet;Colorado;Work Truck;Extended Cab;automatic;ca;110071;white;gray;tradewinds remarketing;8925;8800;12:30:00;Wed;Dec 17 2014;cheap;high_mileage;new
1gazg1fg7c1187760;29;2012;Chevrolet;Express;LS 3500;Van;automatic;ca;45664;white;gray;the motor car group inc;17750;19500;12:00:00;Thu;Dec 18 2014;cheap;medium_mileage;new
5uxzv4c54cl759579;33;2012;BMW;X5;xDrive35i Premium;SUV;automatic;ca;24406;black;beige;financial services remarketing (lease);39700;39000;12:30:00;Thu;Dec 18 2014;medium;low_mileage;new
2c4rdgdg7cr159037;32;2012;Dodge;Grand Caravan;Crew;Minivan;null;ca;59802;silver;gray;exeter finance corp;11650;11900;12:00:00;Thu;Dec 18 2014;cheap;medium_mileage;new
1hgcs1b32ca004331;42;2012;Honda;Accord;LX-S;Coupe;automatic;ca;33096;black;black;ahfc/honda lease trust/hvt  inc. eot;12650;13600;12:00:00;Thu;Dec 18 2014;cheap;low_mileage;new
km8ju3ac2cu324482;37;2012;Hyundai;Tucson;GLS;SUV;automatic;ca;42446;black;black;hyundai motor finance;14050;13500;12:00:00;Tue;Dec 16 2014;cheap;low_mileage;new
5j6rm3h55cl046630;39;2012;Honda;CR-V;EX;SUV;automatic;ca;19438;burgundy;gray;ahfc/honda lease trust/hvt  inc.;18400;18600;12:00:00;Thu;Dec 18 2014;cheap;low_mileage;new
5fnrl5h48cb029268;38;2012;Honda;Odyssey;EX;Minivan;automatic;ca;32967;burgundy;beige;ahfc/honda lease trust/hvt  inc. eot;18050;20100;15:00:00;Tue;Dec 30 2014;cheap;low_mileage;new
kmhdh4aexcu364575;36;2012;Hyundai;Elantra;GLS;Sedan;automatic;ca;39015;black;beige;hyundai motor finance;10100;11100;12:00:00;Tue;Dec 16 2014;cheap;low_mileage;new
1hgcp2f62ca033324;4;2012;Honda;Accord;SE;Sedan;automatic;ca;28633;silver;black;ahfc/honda lease trust/hvt  inc. eot;13300;13600;12:00:00;Thu;Dec 18 2014;cheap;low_mileage;new
kmhgc4dd8cu158072;42;2012;Hyundai;Genesis;3.8;Sedan;automatic;ca;35967;gold;beige;hyundai motor finance;16750;18600;12:00:00;Tue;Dec 16 2014;cheap;low_mileage;new
kmhgc4ddxcu163239;43;2012;Hyundai;Genesis;3.8;Sedan;automatic;ca;72006;silver;black;hyundai motor finance;12700;14200;12:00:00;Tue;Dec 16 2014;cheap;medium_mileage;new
2gkalsekxc6314076;3;2012;GMC;Terrain;SLE-2;SUV;automatic;ca;12101;silver;black;tradewinds remarketing;17350;14950;12:30:00;Wed;Dec 17 2014;cheap;low_mileage;new
1hgcp2f39ca103262;38;2012;Honda;Accord;LX;Sedan;automatic;ca;27263;silver;gray;ahfc/honda lease trust/hvt  inc. eot;12250;14100;12:00:00;Thu;Dec 18 2014;cheap;low_mileage;new
19xfb2f56ce335830;41;2012;Honda;Civic;LX;Sedan;automatic;ca;103097;white;gray;ahfc/honda lease trust/hvt  inc.;9225;8800;12:00:00;Thu;Dec 18 2014;cheap;high_mileage;new
5fnyf3h57cb025342;38;2012;Honda;Pilot;EX-L;SUV;automatic;ca;35501;black;gray;onemain rem/m&m auto traders;23900;23500;12:00:00;Thu;Dec 18 2014;cheap;low_mileage;new
2hgfg3b52ch516894;21;2012;Honda;Civic;LX;Coupe;automatic;ca;44061;blue;gray;ahfc/honda lease trust/hvt  inc. eot;10400;9700;12:00:00;Thu;Dec 18 2014;cheap;low_mileage;new
1hgcp2f65ca058119;21;2012;Honda;Accord;SE;Sedan;automatic;ca;25626;black;black;ahfc/honda lease trust/hvt  inc. eot;13600;13100;15:00:00;Tue;Dec 30 2014;cheap;low_mileage;new
1hgcp3f88ca039488;44;2012;Honda;Accord;EX-L V-6;Sedan;automatic;ca;25954;white;beige;bank of the west;16500;17800;12:00:00;Thu;Dec 18 2014;cheap;low_mileage;new
jn1cv6fe1cm200356;38;2012;Infiniti;G Convertible;G37;G Convertible;automatic;ca;25421;black;black;nissan infiniti lt;25500;27500;12:30:00;Thu;Dec 18 2014;cheap;low_mileage;new
1gks1eef3cr155968;43;2012;GMC;Yukon;Denali;SUV;automatic;ca;64883;silver;black;fiserv/usb dealer services northstar exchange;30900;29000;12:30:00;Tue;Dec 16 2014;cheap;medium_mileage;new
km8nu4ccxcu197873;45;2012;Hyundai;Veracruz;Limited;SUV;automatic;ca;24444;silver;yellow;hyundai motor finance;18050;19600;12:00:00;Tue;Dec 16 2014;cheap;low_mileage;new
2hgfg3b54ch527833;25;2012;Honda;Civic;LX;Coupe;automatic;ca;25315;white;gray;ahfc/honda lease trust/hvt  inc. eot;11250;10900;15:00:00;Tue;Dec 30 2014;cheap;low_mileage;new
knafu4a25c5582848;39;2012;Kia;Forte;EX;Sedan;automatic;ca;40324;white;gray;jpmorgan chase bank n.a.;9300;10000;12:00:00;Thu;Dec 18 2014;cheap;low_mileage;new
wmwsu3c53ct258129;42;2012;MINI;Cooper;Base;Hatchback;automatic;ca;54588;white;black;bmw mini financial services;12050;13000;12:30:00;Thu;Dec 18 2014;cheap;medium_mileage;new
salag2d45ca597047;null;2012;Land Rover;LR4;Base;SUV;automatic;ca;28289;blue;—;land rover redwood city;42200;43500;12:30:00;Wed;Dec 17 2014;medium;low_mileage;new
jthkd5bh6c2094275;45;2012;Lexus;CT 200h;Premium;Hatchback;automatic;ca;31349;white;brown;desert auto trade;20600;24250;12:30:00;Tue;Dec 16 2014;cheap;low_mileage;new
sajwa4ec0cmb46109;38;2012;Jaguar;XK;XKR;Convertible;automatic;ca;14806;gray;black;jpmorgan chase bank n.a.;53800;53500;12:30:00;Thu;Dec 18 2014;medium;low_mileage;new
kndpc3a25c7335550;41;2012;Kia;Sportage;EX;SUV;automatic;ca;28510;black;gray;remarketing by ge/manheim southern california;16700;13700;15:00:00;Fri;Dec 26 2014;cheap;low_mileage;new
5xykt3a64cg309425;48;2012;Kia;Sorento;LX;SUV;automatic;ca;53444;white;beige;kia motors america  inc;12550;14500;12:30:00;Tue;Dec 16 2014;cheap;medium_mileage;new
wmwsu3c54ct258074;36;2012;MINI;Cooper;Base;Hatchback;automatic;ca;42890;white;—;bmw mini financial services;12950;13000;12:30:00;Thu;Dec 18 2014;cheap;low_mileage;new
jn1cv6ap4cm621786;44;2012;Infiniti;G Sedan;G37 Journey;G Sedan;automatic;ca;52859;gray;black;nissan infiniti lt;19250;17500;12:30:00;Thu;Dec 18 2014;cheap;medium_mileage;new
jn1cv6ap1cm623267;44;2012;Infiniti;G Sedan;G37 Journey;G Sedan;automatic;ca;31659;white;gray;nissan infiniti lt;21600;20750;12:30:00;Thu;Dec 18 2014;cheap;low_mileage;new
jn1cv6ar1cm673295;47;2012;Infiniti;G Sedan;G37x;G Sedan;automatic;ca;52545;white;gray;nissan infiniti lt;19200;20500;12:30:00;Thu;Dec 18 2014;cheap;medium_mileage;new
jthbf5c26c5162917;36;2012;Lexus;IS 250;Base;Sedan;automatic;ca;23023;blue;beige;lexus financial services;22400;21500;00:00:00;Tue;Dec 23 2014;cheap;low_mileage;new
jn1by1ar9cm390553;43;2012;Infiniti;M;M37x;Sedan;automatic;ca;36721;gray;black;nissan infiniti lt;25700;27250;04:30:00;Tue;Jan 06 2015;cheap;low_mileage;new
5xykw4a2xcg255560;39;2012;Kia;Sorento;SX;SUV;automatic;ca;57480;white;black;kia motors finance;18300;19400;12:00:00;Tue;Dec 16 2014;cheap;medium_mileage;new
wddgf4hbxcr213327;38;2012;Mercedes-Benz;C-Class;C250 Sport;Sedan;automatic;ca;34087;—;black;mercedes-benz financial services;21700;20000;12:30:00;Thu;Dec 18 2014;cheap;low_mileage;new
3n1ab6ap1cl763961;36;2012;Nissan;Sentra;2;Sedan;automatic;ca;33730;black;gray;autonet trading;9600;10400;04:30:00;Wed;Feb 25 2015;cheap;low_mileage;new
3n1bc1cp1cl373279;34;2012;Nissan;Versa;1.8 S;Hatchback;null;ca;42619;silver;black;gm financial;7875;7600;12:30:00;Wed;Dec 17 2014;cheap;low_mileage;new
wp0ad2a76cl045477;41;2012;Porsche;Panamera;S Hybrid;Sedan;automatic;ca;49288;gray;black;elad motors;52800;49750;12:30:00;Tue;Dec 16 2014;medium;medium_mileage;new
wddng7db1ca424913;35;2012;Mercedes-Benz;S-Class;S550;Sedan;automatic;ca;38680;—;brown;mercedes-benz financial services;43300;41750;04:30:00;Thu;Jan 15 2015;medium;low_mileage;new
1n4al2ap7cn406650;38;2012;Nissan;Altima;2.5 S;Sedan;automatic;ca;45288;—;black;nissan-infiniti lt;11700;11250;12:30:00;Tue;Dec 16 2014;cheap;medium_mileage;new
1n6bd0ct2cc446833;2;2012;Nissan;Frontier;S;King Cab;automatic;ca;227606;white;gray;o'reilly auto parts;5000;5100;12:00:00;Thu;Dec 18 2014;cheap;high_mileage;new
1n6ad0erxcc421224;21;2012;Nissan;Frontier;SV;Crew Cab;automatic;ca;81015;black;gray;jpmorgan chase bank n.a.;14200;13300;12:00:00;Thu;Dec 18 2014;cheap;medium_mileage;new
jn1az0cp4ct023001;48;2012;Nissan;Leaf;SL;Hatchback;automatic;ca;13406;black;beige;nissan motor acceptance corporation;11800;12900;12:30:00;Wed;Dec 17 2014;cheap;low_mileage;new
4t1bf1fkxcu063573;28;2012;Toyota;Camry;SE;Sedan;automatic;ca;28605;silver;black;onemain rem/m&m auto traders;14750;15200;12:00:00;Thu;Dec 18 2014;cheap;low_mileage;new
1c6rd6gp8cs225557;45;2012;Ram;1500;SLT;Quad Cab;automatic;ca;62646;silver;gray;symbolic motor cars;14850;15750;12:30:00;Tue;Dec 16 2014;cheap;medium_mileage;new
5tdzk3eh4cs059863;38;2012;Toyota;Highlander;Base;SUV;automatic;ca;31180;blue;beige;i auto sales inc;22800;21500;12:00:00;Thu;Dec 18 2014;cheap;low_mileage;new
wbapm5c57be578428;44;2011;BMW;3 Series;335i;Sedan;automatic;ca;31517;white;gray;financial services remarketing (lease);25000;26250;12:30:00;Thu;Dec 18 2014;cheap;low_mileage;new
wbafr7c51bc602551;47;2011;BMW;5 Series;535i;Sedan;automatic;ca;55951;black;black;meridian remarketing;25000;23300;04:30:00;Wed;Jan 28 2015;cheap;medium_mileage;new
wbadw7c51be728154;34;2011;BMW;3 Series;328i;Convertible;automatic;ca;28610;black;black;financial services remarketing (lease);26200;25000;12:30:00;Thu;Dec 18 2014;cheap;low_mileage;new
wbaph5c54bf093274;43;2011;BMW;3 Series;328i;Sedan;automatic;ca;30669;white;black;financial services remarketing (lease);19950;22750;12:30:00;Thu;Dec 18 2014;cheap;low_mileage;new
wbafr1c59bds35793;39;2011;BMW;5 Series;528i;Sedan;automatic;ca;17456;gray;black;financial services remarketing (lease);28500;28500;12:30:00;Thu;Dec 18 2014;cheap;low_mileage;new
yv1622fs7c2099430;43;2012;Volvo;S60;T5;Sedan;automatic;ca;36438;blue;beige;fiserv/usb dealer services northstar exchange;15950;16000;12:30:00;Thu;Dec 18 2014;cheap;low_mileage;new
wbaph5g56bnn59299;43;2011;BMW;3 Series;328i;Sedan;automatic;ca;39120;blue;gray;financial services remarketing (lease);18800;19500;12:30:00;Thu;Dec 18 2014;cheap;low_mileage;new
4t1bk1fkxcu517509;44;2012;Toyota;Camry;SE;Sedan;automatic;ca;27262;—;black;toyota financial services;16900;18200;12:30:00;Wed;Dec 17 2014;cheap;low_mileage;new
wbaph5c59bf093111;39;2011;BMW;3 Series;328i;Sedan;automatic;ca;22843;white;gray;financial services remarketing (lease);21000;22250;12:30:00;Thu;Dec 18 2014;cheap;low_mileage;new
5tfty5f15cx007590;42;2012;Toyota;Tundra;Tundra;Double Cab;automatic;ca;45514;white;gray;toyota financial services;20600;21400;00:00:00;Tue;Dec 23 2014;cheap;medium_mileage;new
wbaph5g57bnn59229;37;2011;BMW;3 Series;328i;Sedan;automatic;ca;36073;gray;black;financial services remarketing (lease);19250;19500;12:30:00;Thu;Dec 18 2014;cheap;low_mileage;new
yv1622fs3c2089011;22;2012;Volvo;S60;T5;Sedan;automatic;ca;20697;white;beige;fiserv/usb dealer services northstar exchange;17350;15750;12:30:00;Thu;Dec 18 2014;cheap;low_mileage;new
wbadx1c55be570637;43;2011;BMW;3 Series;335is;Convertible;automatic;ca;40681;black;—;financial services remarketing (lease);29900;30000;12:30:00;Thu;Dec 18 2014;cheap;low_mileage;new
1g1zc5eu9bf379693;31;2011;Chevrolet;Malibu;LT1;Sedan;automatic;ca;53919;silver;black;dtg operations inc;8475;9500;11:30:00;Thu;Dec 18 2014;cheap;medium_mileage;new
1ftfx1ef7bke22718;37;2011;Ford;F-150;FX4;SuperCab;automatic;ca;29711;black;black;ford motor credit company llc pd;26200;27100;12:00:00;Thu;Jan 08 2015;cheap;low_mileage;new
1gnscke03br107876;36;2011;Chevrolet;Suburban;LTZ 1500;SUV;automatic;ca;110465;gray;black;century dealer services corp;22500;21500;12:00:00;Wed;Jan 07 2015;cheap;high_mileage;new
jn1dv6ap1bm601885;29;2011;Infiniti;G Sedan;G25;G Sedan;automatic;ca;38011;white;gray;nissan infiniti lt;16900;17000;12:30:00;Tue;Dec 16 2014;cheap;low_mileage;new
1gnscbe03br194937;36;2011;Chevrolet;Tahoe;LT;SUV;automatic;ca;68858;gray;beige;fiserv/usb dealer services northstar exchange;23300;22750;12:30:00;Tue;Dec 16 2014;cheap;medium_mileage;new
1ftfx1cf4bfa43753;null;2011;Ford;F-150;XLT;SuperCab;automatic;ca;121128;white;gray;david wilsons ford of orange;9575;8000;13:00:00;Wed;Dec 17 2014;cheap;high_mileage;new
jn1aj0hp4bm801919;34;2011;Infiniti;EX;EX35;SUV;automatic;ca;18246;blue;beige;nissan infiniti lt;23900;22500;12:30:00;Wed;Dec 17 2014;cheap;low_mileage;new
1ftfw1cf0bkd87428;39;2011;Ford;F-150;FX2;SuperCrew;automatic;ca;181395;blue;gray;nvp remarketing;17000;12250;04:00:00;Tue;Jan 06 2015;cheap;high_mileage;new
jhlre3h47bc014418;25;2011;Honda;CR-V;SE;SUV;null;ca;14402;gray;gray;ahfc/honda lease trust/hvt  inc. eot;14950;14100;12:00:00;Thu;Dec 18 2014;cheap;low_mileage;new
1ftne1ew7bda21854;5;2011;Ford;E-Series Van;E-150;E-Series Van;null;ca;95815;white;gray;ge fleet services for itself/servicer;11600;11500;12:30:00;Tue;Dec 23 2014;cheap;medium_mileage;new
jn1dv6ap8bm604444;35;2011;Infiniti;G Sedan;G25;G Sedan;automatic;ca;19916;gray;—;nissan infiniti lt;18150;18750;12:30:00;Thu;Dec 18 2014;cheap;low_mileage;new
1gnkrged0bj296113;29;2011;Chevrolet;Traverse;LT1;SUV;automatic;ca;46706;gray;gray;dtg operations inc;15300;14900;15:00:00;Tue;Dec 30 2014;cheap;medium_mileage;new
5ymgz0c52blk14072;43;2011;BMW;X6 M;Base;SUV;automatic;ca;20131;blue;black;bill pearce motors;48700;51000;12:30:00;Tue;Dec 30 2014;medium;low_mileage;new
jn1dv6ap0bm602512;41;2011;Infiniti;G Sedan;G25;G Sedan;automatic;ca;45179;gray;gray;nissan infiniti lt;16350;17000;12:30:00;Thu;Dec 18 2014;cheap;medium_mileage;new
1ftex1cm3bfd14408;45;2011;Ford;F-150;XLT;SuperCab;automatic;ca;28696;black;black;robinson ford sales inc;18900;22000;12:30:00;Tue;Dec 16 2014;cheap;low_mileage;new
1g1za5e19bf152614;37;2011;Chevrolet;Malibu;LS Fleet;Sedan;automatic;ca;56866;—;brown;wheels exchange llc;8350;10100;12:30:00;Wed;Dec 17 2014;cheap;medium_mileage;new
1d4pt4gxxbw563625;34;2011;Dodge;Nitro;Heat;SUV;automatic;ca;67528;black;black;ecars;11450;11900;04:30:00;Tue;Feb 03 2015;cheap;medium_mileage;new
5npeb4ac4bh028034;37;2011;Hyundai;Sonata;GLS;Sedan;automatic;ca;61750;blue;gray;santander consumer;9100;10000;12:00:00;Thu;Dec 18 2014;cheap;medium_mileage;new
5uxzv8c59bl417549;42;2011;BMW;X5;xDrive50i;SUV;automatic;ca;51126;black;black;financial services remarketing (lease);29500;28250;12:30:00;Thu;Dec 18 2014;cheap;medium_mileage;new
1c3ccbbb5en185336;3;2014;Chrysler;200;Touring;Sedan;automatic;ca;28278;red;black;hertz corporation/gdp;11900;12100;12:30:00;Tue;Dec 16 2014;cheap;low_mileage;new
2c4rdgcg5er181591;42;2014;Dodge;Grand Caravan;SXT;Minivan;automatic;ca;41512;black;black;avis corporation;15350;16400;12:30:00;Tue;Dec 16 2014;cheap;low_mileage;new
2c4rdgcg2er262130;2;2014;Dodge;Grand Caravan;SXT;Minivan;automatic;ca;20000;gray;black;enterprise holdings/gdp;16900;15250;12:30:00;Tue;Dec 30 2014;cheap;low_mileage;new
2c3ccafj8eh172665;44;2014;Chrysler;300;SRT8;Sedan;automatic;ca;12910;black;brown;s/s auto wholesale;37300;38500;12:30:00;Wed;Dec 17 2014;medium;low_mileage;new
2c4rdgcg0er264071;3;2014;Dodge;Grand Caravan;SXT;Minivan;automatic;ca;23490;black;black;enterprise holdings/gdp;16650;15000;04:30:00;Tue;Jan 27 2015;cheap;low_mileage;new
2c3cdxbg5eh262348;3;2014;Dodge;Charger;SE;Sedan;automatic;ca;17504;blue;black;hertz corporation/gdp;16350;17200;12:30:00;Tue;Dec 16 2014;cheap;low_mileage;new
2c3cdxhg2eh267515;2;2014;Dodge;Charger;SXT;Sedan;automatic;ca;5962;gray;black;hertz/tra;22100;8000;13:00:00;Tue;Dec 16 2014;cheap;low_mileage;new
2c4rdgcg7er291736;4;2014;Dodge;Grand Caravan;SXT;Minivan;automatic;ca;24052;—;black;enterprise holdings/gdp;16700;15500;12:30:00;Tue;Dec 30 2014;cheap;low_mileage;new
2c4rc1bg6er208430;2;2014;Chrysler;Town and Country;Touring;Minivan;automatic;ca;32186;white;black;enterprise vehicle exchange / tra / rental / tulsa;17950;14000;12:00:00;Thu;Dec 18 2014;cheap;low_mileage;new
sajwa0gb3blr86013;35;2011;Jaguar;XF;Premium;Sedan;automatic;ca;26500;blue;beige;jpmorgan chase bank n.a.;26100;24500;12:30:00;Thu;Dec 18 2014;cheap;low_mileage;new
jn1cv6ek1bm215445;38;2011;Infiniti;G Coupe;G37;G Coupe;automatic;ca;34460;white;gray;nissan infiniti lt;21000;21500;12:30:00;Thu;Dec 18 2014;cheap;low_mileage;new
sajwa0fbxbls07899;41;2011;Jaguar;XF;Base;Sedan;automatic;ca;32817;white;tan;jpmorgan chase bank n.a.;25100;27500;12:30:00;Thu;Dec 18 2014;cheap;low_mileage;new
4jgbf8ge5ba670868;44;2011;Mercedes-Benz;GL-Class;GL550 4MATIC;SUV;automatic;ca;45494;black;beige;sports trend auto sales;39000;39000;12:30:00;Thu;Dec 18 2014;medium;medium_mileage;new
jn1cv6ap6bm509909;41;2011;Infiniti;G Sedan;G37 Journey;G Sedan;automatic;ca;37387;black;black;nissan infiniti lt;19750;19000;12:30:00;Thu;Dec 18 2014;cheap;low_mileage;new
jn1cv6ek0bm214447;46;2011;Infiniti;G Coupe;G37;G Coupe;automatic;ca;51244;white;black;nissan infiniti lt;19300;19000;12:30:00;Thu;Dec 18 2014;cheap;medium_mileage;new
knagr4a6xb5185594;4;2011;Kia;Optima;SX;Sedan;automatic;ca;47576;white;black;kia motors finance;15000;16500;12:00:00;Tue;Dec 16 2014;cheap;medium_mileage;new
jm1bl1k61b1405854;25;2011;Mazda;Mazda3;s Sport;Hatchback;automatic;ca;46328;gray;black;jpmorgan chase bank n.a.;10800;10500;12:30:00;Tue;Dec 16 2014;cheap;medium_mileage;new
jn1cv6ek5bm212192;38;2011;Infiniti;G Coupe;G37;G Coupe;automatic;ca;28638;silver;black;nissan infiniti lt;21500;21000;12:30:00;Thu;Dec 18 2014;cheap;low_mileage;new
4jgbb8gb3ba629740;45;2011;Mercedes-Benz;M-Class;ML350 4MATIC;SUV;automatic;ca;41511;black;black;walters auto sales/service inc;26300;26750;12:30:00;Tue;Dec 16 2014;cheap;low_mileage;new
jm1bl1vg1b1385920;19;2011;Mazda;Mazda3;i Touring;Sedan;automatic;ca;46300;gray;black;jpmorgan chase bank n.a.;9475;7000;12:30:00;Tue;Dec 16 2014;cheap;medium_mileage;new
salsf2d42ba281479;44;2011;Land Rover;Range Rover Sport;HSE;SUV;automatic;ca;30869;white;tan;jpmorgan chase bank n.a.;37600;38500;12:30:00;Thu;Dec 18 2014;medium;low_mileage;new
jn1cv6ap2bm509552;35;2011;Infiniti;G Sedan;G37 Journey;G Sedan;automatic;ca;34526;black;black;nissan infiniti lt;20000;20250;12:30:00;Thu;Dec 18 2014;cheap;low_mileage;new
jn1cv6ap2bm509308;27;2011;Infiniti;G Sedan;G37 Journey;G Sedan;automatic;ca;38896;gray;black;nissan infiniti lt;19700;21500;12:30:00;Wed;Dec 17 2014;cheap;low_mileage;new
jn1cv6ek4bm215293;4;2011;Infiniti;G Coupe;G37;G Coupe;automatic;ca;48051;white;gray;nissan infiniti lt;19450;22750;04:30:00;Thu;Jan 15 2015;cheap;medium_mileage;new
1j4ba6h18bl551990;37;2011;Jeep;Wrangler;Unlimited Rubicon;SUV;automatic;ca;33626;black;brown;us bank;28900;30750;12:30:00;Tue;Dec 16 2014;medium;low_mileage;new
wmwsu3c57bt091823;4;2011;MINI;Cooper;Base;Hatchback;null;ca;35911;orange;—;bmw mini financial services;11150;10500;12:30:00;Thu;Dec 18 2014;cheap;low_mileage;new
1n4aa5ap5bc845430;41;2011;Nissan;Maxima;3.5 SV;Sedan;automatic;ca;43941;white;tan;nissan-infiniti lt;16200;17500;12:30:00;Tue;Dec 16 2014;cheap;low_mileage;new
1gbugeb43a1108347;19;2010;chevrolet;g1500;cargo 4x2 upfitter;null;automatic;ca;114560;silver;black;premium auto wholesale;13100;10300;12:00:00;Thu;Dec 18 2014;cheap;high_mileage;avarage
4t3za3bb6bu047276;32;2011;Toyota;Venza;Base;Wagon;automatic;ca;33529;white;tan;toyota financial services;15600;15000;00:00:00;Tue;Dec 23 2014;cheap;low_mileage;new
2b3ca3cv5ah308122;null;2010;Dodge;Charger;SXT Fleet;Sedan;automatic;ca;94272;black;—;corona auto wholesale inc;8175;8700;12:30:00;Tue;Dec 16 2014;cheap;medium_mileage;avarage
jn8as5mt5bw575926;43;2011;Nissan;Rogue;SV;SUV;automatic;ca;37515;white;gray;nissan motor acceptance corporation;14850;15300;12:30:00;Wed;Dec 17 2014;cheap;low_mileage;new
wmwmf3c57atz61989;31;2010;MINI;Cooper;Base;Hatchback;automatic;ca;79673;gray;black;american road leasing inc;7625;7800;12:15:00;Wed;Dec 17 2014;cheap;medium_mileage;avarage
jn8az1mw9bw183840;38;2011;Nissan;Murano;SL;SUV;automatic;ca;69268;white;beige;nissan-infiniti lt;17050;17500;12:30:00;Tue;Dec 23 2014;cheap;medium_mileage;new
5j8tb2h29aa005087;28;2010;Acura;RDX;Base;SUV;automatic;ca;80198;silver;beige;aaero sweet company;14150;14600;12:15:00;Wed;Dec 17 2014;cheap;medium_mileage;avarage
wddgf5eb0ar107976;35;2010;Mercedes-Benz;C-Class;C300 Sport;Sedan;automatic;ca;34107;black;black;hoehn motors inc;17050;16750;12:30:00;Tue;Dec 16 2014;cheap;low_mileage;avarage
3n1ab6ap8al718867;28;2010;Nissan;Sentra;2;Sedan;automatic;ca;43729;silver;gray;gm financial;7800;9100;12:30:00;Wed;Dec 17 2014;cheap;low_mileage;avarage
1fahp2fw9ag154548;null;2010;Ford;Taurus;Limited;Sedan;automatic;ca;108617;black;black;rock honda;9725;7500;12:00:00;Thu;Dec 18 2014;cheap;high_mileage;avarage
1fahp2ew6ag123324;28;2010;Ford;Taurus;SEL;Sedan;null;ca;110184;black;black;exeter finance corp;9475;7000;12:00:00;Thu;Dec 18 2014;cheap;high_mileage;avarage
1fdss3bl0ada72723;28;2010;ford;e350;club wagon;null;automatic;ca;93282;white;gray;vpsi  inc;11450;8250;12:30:00;Wed;Dec 17 2014;cheap;medium_mileage;avarage
wddhf5gb2aa236009;43;2010;Mercedes-Benz;E-Class;E350;Sedan;automatic;ca;43888;white;off-white;mercedes-benz usa;21500;23500;09:30:00;Tue;Jul 07 2015;cheap;low_mileage;avarage
5fnyf3h96ab015840;47;2010;Honda;Pilot;Touring;SUV;automatic;ca;72985;white;gray;century dealer services corp;17300;21000;12:15:00;Wed;Dec 17 2014;cheap;medium_mileage;avarage
2d4rn5d19ar458784;null;2010;Dodge;Grand Caravan;SXT;Minivan;null;ca;93679;white;—;kia of cerritos;7350;7750;12:30:00;Tue;Dec 16 2014;cheap;medium_mileage;avarage
2lmdj8jc8abj02992;null;2010;Lincoln;MKX;Base;SUV;automatic;ca;110772;white;—;rab motors;11500;7000;12:30:00;Wed;Dec 17 2014;cheap;high_mileage;avarage
1fahp3en1aw152829;null;2010;Ford;Focus;S;Sedan;manual;ca;84426;black;beige;s/n auto imports;4950;4700;12:45:00;Wed;Dec 17 2014;cheap;medium_mileage;avarage
1n4aa51e99c829319;2;2009;Nissan;Maxima;3.5 SV;Sedan;automatic;ca;54197;black;black;jpmorgan chase bank n.a.;12100;10700;12:00:00;Thu;Dec 18 2014;cheap;medium_mileage;avarage
4jgbf86e89a494412;39;2009;Mercedes-Benz;GL-Class;GL550;SUV;automatic;ca;73291;black;beige;high bid trading co inc;25400;24500;12:00:00;Thu;Dec 18 2014;cheap;medium_mileage;avarage
wdbwk58f29f192962;35;2009;Mercedes-Benz;SLK-Class;SLK350;Convertible;automatic;ca;97527;black;black;san diego sports cars;14200;14000;12:15:00;Wed;Jan 07 2015;cheap;medium_mileage;avarage
sajwa06b99hr16630;36;2009;Jaguar;XF;Premium Luxury;Sedan;automatic;ca;58637;red;tan;hoehn motors inc;18000;18600;12:30:00;Wed;Dec 17 2014;cheap;medium_mileage;avarage
wdbuf56x19b431206;38;2009;Mercedes-Benz;E-Class;E350;Sedan;automatic;ca;145017;gray;black;high bid trading co inc;11700;9250;12:15:00;Wed;Dec 17 2014;cheap;high_mileage;avarage
2fmdk30c49bb05543;null;2009;Ford;Edge;Sport;SUV;automatic;ca;111399;red;black;bmw of monrovia;14150;9000;12:00:00;Thu;Dec 18 2014;cheap;high_mileage;avarage
3gnca53v99s605842;38;2009;Chevrolet;HHR;LT;Wagon;automatic;ca;139959;silver;gray;valley kia;3300;3600;12:00:00;Thu;Dec 18 2014;cheap;high_mileage;avarage
4t1be46k19u830384;2;2009;Toyota;Camry;SE;Sedan;automatic;ca;134470;black;gray;jpmorgan chase bank n.a.;7275;7000;12:00:00;Thu;Dec 18 2014;cheap;high_mileage;avarage
wmwms33549ty07876;null;2009;MINI;Cooper;S;Convertible;automatic;ca;29044;gray;—;apexcars net;12700;13000;12:30:00;Wed;Dec 17 2014;cheap;low_mileage;avarage
ja3au86w09u016089;24;2009;Mitsubishi;Lancer;GTS;Sedan;automatic;ca;74656;white;black;exeter finance corp;7775;8300;12:00:00;Thu;Dec 18 2014;cheap;medium_mileage;avarage
1hgcp26379a032751;44;2009;Honda;Accord;LX;Sedan;automatic;ca;39080;silver;gray;south bay hyundai;9800;12300;12:30:00;Tue;Dec 16 2014;cheap;low_mileage;avarage
jf1gh76629g820313;28;2009;Subaru;Impreza;WRX;Hatchback;manual;ca;106044;blue;black;jpmorgan chase bank n.a.;11700;12500;12:00:00;Thu;Dec 18 2014;cheap;high_mileage;avarage
5npet46c79h413393;31;2009;Hyundai;Sonata;GLS;Sedan;automatic;ca;93344;gray;beige;lincoln financial services;5675;5900;12:30:00;Wed;Dec 17 2014;cheap;medium_mileage;avarage
1ftrx14w58fb45888;35;2008;Ford;F-150;XLT;SuperCab;null;ca;107182;white;gray;high bid trading co inc;10750;11000;12:15:00;Wed;Dec 17 2014;cheap;high_mileage;avarage
1fmdk02w98ga29931;null;2008;Ford;Taurus X;SEL;Wagon;null;ca;119320;white;—;american dream auto sales;3300;2000;12:00:00;Thu;Dec 18 2014;cheap;high_mileage;avarage
1gker23768j213867;36;2008;GMC;Acadia;SLT-1;SUV;null;ca;81149;black;black;remarketing by ge/manheim southern california;11700;11500;15:00:00;Fri;Dec 26 2014;cheap;medium_mileage;avarage
1hgcp36868a005623;29;2008;Honda;Accord;EX-L V-6;Sedan;automatic;ca;166787;black;black;i auto sales inc;6250;6400;12:00:00;Thu;Dec 18 2014;cheap;high_mileage;avarage
jhmfa36298s021042;26;2008;Honda;Civic;Hybrid;Sedan;automatic;ca;86147;gray;beige;financial services remarketing (lease);5800;6100;12:30:00;Tue;Dec 16 2014;cheap;medium_mileage;avarage
1ftsw215x8ed71503;29;2008;Ford;F-250 Super Duty;XL;Crew Cab;automatic;ca;57196;white;brown;merchants automotive group;11350;16300;12:30:00;Wed;Dec 17 2014;cheap;medium_mileage;avarage
2gtec638981308530;42;2008;GMC;Sierra 1500;Denali;Crew Cab;automatic;ca;54733;white;tan;skyhigh remarketing inc;22700;24250;12:15:00;Wed;Dec 17 2014;cheap;medium_mileage;avarage
5fnrl38468b067724;19;2008;Honda;Odyssey;EX;Minivan;automatic;ca;72528;gray;gray;ecars;9625;9600;12:30:00;Tue;Dec 16 2014;cheap;medium_mileage;avarage
1fmeu75888ua44202;31;2008;Ford;Explorer;Limited;SUV;null;ca;97647;gray;black;lucky imports;10650;10900;04:30:00;Wed;Jan 14 2015;cheap;medium_mileage;avarage
wbavc53588fz85719;34;2008;BMW;3 Series;328i;Sedan;automatic;ca;84752;black;black;the car exchange;9900;10300;12:30:00;Wed;Dec 17 2014;cheap;medium_mileage;avarage
1c3lc46k08n180264;27;2008;Chrysler;Sebring;LX;Sedan;automatic;ca;75758;gray;gray;tidalwave finance corp;4625;4600;04:05:00;Wed;Jan 14 2015;cheap;medium_mileage;avarage
zamgj45a180040499;31;2008;Maserati;GranTurismo;Base;Coupe;automatic;ca;41225;charcoal;black;auto city sales/leasing;43500;40500;12:00:00;Thu;Dec 18 2014;medium;low_mileage;avarage
4t4be46k98r024927;19;2008;Toyota;Camry;LE;Sedan;automatic;ca;83548;gray;gray;jpmorgan chase bank n.a.;7950;6800;12:00:00;Thu;Dec 18 2014;cheap;medium_mileage;avarage
wbavb73507vh22730;19;2007;BMW;3 Series;335i;Sedan;automatic;ca;134961;brown;black;financial services remarketing (lease);7100;6200;12:30:00;Tue;Dec 16 2014;cheap;high_mileage;avarage
wauef78e27a122695;3;2007;Audi;A4;2.0T quattro;Sedan;automatic;ca;107106;red;black;high bid trading co inc;6675;7100;12:15:00;Wed;Dec 17 2014;cheap;high_mileage;avarage
kndmb233986244459;19;2008;Kia;Sedona;LX;Minivan;automatic;ca;107587;red;gray;wells fargo dealer services;3975;2500;12:00:00;Thu;Dec 18 2014;cheap;high_mileage;avarage
yv4cz982681418563;28;2008;Volvo;XC90;3.2 Special Edition;SUV;automatic;ca;85840;black;black;elad motors;10500;10750;12:30:00;Tue;Dec 23 2014;cheap;medium_mileage;avarage
1g2zm577384203744;37;2008;Pontiac;G6;GXP;Sedan;automatic;ca;96070;white;black;melody toyota;6900;6000;12:30:00;Wed;Dec 17 2014;cheap;medium_mileage;avarage
wdbuf56x98b210791;44;2008;Mercedes-Benz;E-Class;E350;Sedan;automatic;ca;101736;silver;gray;the car exchange;10700;10100;12:30:00;Wed;Dec 17 2014;cheap;high_mileage;avarage
1n6aa07d58n349581;19;2008;Nissan;Titan;LE;Crew Cab;automatic;ca;57311;white;black;us bank;12800;11250;12:30:00;Tue;Dec 16 2014;cheap;medium_mileage;avarage
4jgbf71e28a357899;27;2008;Mercedes-Benz;GL-Class;GL450;SUV;automatic;ca;80567;black;black;phillips auto brokerage;18050;14500;12:30:00;Wed;Dec 17 2014;cheap;medium_mileage;avarage
wvgbe77l18d044558;19;2008;Volkswagen;Touareg 2;VR6 FSI;SUV;automatic;ca;75901;burgundy;gray;jpmorgan chase bank n.a.;11400;3000;12:30:00;Thu;Dec 18 2014;cheap;medium_mileage;avarage
wmwmf73558tv38670;33;2008;MINI;Cooper;S;Hatchback;automatic;ca;57507;gray;orange;onemain rem/european motors group;8250;7900;04:30:00;Wed;Jan 14 2015;cheap;medium_mileage;avarage
1gnfc13j57r164918;19;2007;Chevrolet;Tahoe;LT;SUV;automatic;ca;148072;gray;gray;high line auto inc;10550;11250;12:30:00;Tue;Dec 16 2014;cheap;high_mileage;avarage
2hgfg21587h704689;19;2007;Honda;Civic;Si;Coupe;manual;ca;83448;black;black;800 loan mart;7925;6100;12:00:00;Thu;Dec 18 2014;cheap;medium_mileage;avarage
1gnfc13087j379599;36;2007;Chevrolet;Tahoe;LS;SUV;automatic;ca;108399;gray;black;skyhigh remarketing inc;12150;12000;12:15:00;Wed;Dec 17 2014;cheap;high_mileage;avarage
1gnfc13c77r266626;35;2007;Chevrolet;Tahoe;LS;SUV;automatic;ca;157667;blue;black;california republic bank;9625;8400;12:30:00;Wed;Dec 17 2014;cheap;high_mileage;avarage
1gnfk13017r385166;36;2007;Chevrolet;Tahoe;LT;SUV;automatic;ca;211033;white;black;lease plan usa;8425;9700;12:00:00;Tue;Dec 16 2014;cheap;high_mileage;avarage
3c3jy45x17t506836;4;2007;Chrysler;PT Cruiser;Base;Convertible;automatic;ca;55406;silver;gray;lbs financial credit union;4250;4700;12:30:00;Wed;Dec 17 2014;cheap;medium_mileage;avarage
2gcek13z271169533;29;2007;Chevrolet;Silverado 1500 Classic;LT3;Crew Cab;automatic;ca;158421;white;gray;tradewinds remarketing;9900;9300;12:30:00;Wed;Dec 17 2014;cheap;high_mileage;avarage
2cndl63f576023654;19;2007;Chevrolet;Equinox;LT;SUV;automatic;ca;95641;white;gray;jpmorgan chase bank n.a.;6075;4900;12:00:00;Thu;Dec 18 2014;cheap;medium_mileage;avarage
1gyec63807r258407;27;2007;Cadillac;Escalade;Base;SUV;automatic;ca;44510;black;black;exeter finance corp;21600;23250;12:00:00;Thu;Dec 18 2014;cheap;low_mileage;avarage
1gyfk63877r230854;39;2007;Cadillac;Escalade;Base;SUV;automatic;ca;111570;off-white;black;bmw of riverside;17600;18750;12:30:00;Tue;Dec 16 2014;cheap;high_mileage;avarage
1gnfk13047r132892;34;2007;Chevrolet;Tahoe;LT;SUV;automatic;ca;114028;black;beige;apexcars net;15150;16800;12:30:00;Wed;Dec 17 2014;cheap;high_mileage;avarage
3gnek123x7g107972;null;2007;Chevrolet;Avalanche;LS;Crew Cab;automatic;ca;151456;gray;—;melody toyota;11300;9000;12:30:00;Wed;Dec 17 2014;cheap;high_mileage;avarage
km8jn12d47u473698;null;2007;Hyundai;Tucson;SE;SUV;null;ca;97641;blue;—;champion chrysler jeep dodge;5100;3800;12:00:00;Thu;Dec 18 2014;cheap;medium_mileage;avarage
3fahp07z07r258408;2;2007;Ford;Fusion;SE;Sedan;automatic;ca;151270;black;black;repo remarketing/patelco credit union;2700;1000;11:00:00;Wed;Dec 17 2014;cheap;high_mileage;avarage
1g8zv57717f130086;null;2007;Saturn;Aura;XR;Sedan;null;ca;184271;black;—;sampson wholesale dealership;1300;2200;12:00:00;Tue;Dec 16 2014;cheap;high_mileage;avarage
3n1ab61e07l662205;34;2007;Nissan;Sentra;2.0 S;Sedan;automatic;ca;98167;black;gray;veros credit;4125;6300;12:30:00;Wed;Dec 17 2014;cheap;medium_mileage;avarage
1n4al21e37n484234;26;2007;Nissan;Altima;2.5 S;Sedan;automatic;ca;116514;red;tan;nissan north america inc.;5250;5500;12:30:00;Tue;Dec 16 2014;cheap;high_mileage;avarage
1n6ad09u77c407544;null;2007;Nissan;Frontier;SE;Crew Cab;automatic;ca;87181;red;gray;deer valley fleet & leasing;11400;11600;12:30:00;Wed;Dec 17 2014;cheap;medium_mileage;avarage
2hnyd186x6h542582;23;2006;Acura;MDX;Touring;SUV;automatic;ca;145706;black;black;first credit finance;7250;5600;12:30:00;Wed;Dec 17 2014;cheap;high_mileage;avarage
1n4al21e47n487174;21;2007;Nissan;Altima;2.5 S;Sedan;automatic;ca;153946;blue;black;car cash loans;4175;4000;12:30:00;Wed;Dec 17 2014;cheap;high_mileage;avarage
jm1cr29l570143726;19;2007;mazda;mazda5;touring;null;automatic;ca;115872;silver;burgundy;a l financial corporation;3700;2800;12:30:00;Wed;Dec 31 2014;cheap;high_mileage;avarage
2c3la53g16h339021;2;2006;Chrysler;300;Touring;Sedan;automatic;ca;105117;blue;gray;public service credit union;6250;5700;12:30:00;Wed;Dec 17 2014;cheap;high_mileage;avarage
2c3ka63h96h353257;28;2006;Chrysler;300;C;Sedan;automatic;ca;109172;silver;gray;repo remarketing/schools first fcu;6875;6300;12:30:00;Wed;Dec 17 2014;cheap;high_mileage;avarage
1d7ha16286j196048;19;2006;Dodge;Ram Pickup 1500;SLT;Regular Cab;automatic;ca;104731;black;gray;mas financial services;7175;5700;12:05:00;Wed;Dec 17 2014;cheap;high_mileage;avarage
2b3ka43g36h217263;34;2006;Dodge;Charger;SE;Sedan;automatic;ca;146285;blue;gray;bmw of riverside;3800;5500;12:30:00;Tue;Dec 16 2014;cheap;high_mileage;avarage
1d4hd48206f102623;19;2006;Dodge;Durango;SLT;SUV;automatic;ca;114339;silver;gray;enterprise car sales/orange;5375;3000;12:30:00;Wed;Dec 31 2014;cheap;high_mileage;avarage
1gccs136768183355;21;2006;Chevrolet;Colorado;LT;Crew Cab;automatic;ca;143682;red;gray;jpmorgan chase bank n.a.;6225;6600;12:00:00;Thu;Dec 18 2014;cheap;high_mileage;avarage
2d4gz57266h382289;24;2006;Dodge;Magnum;RT;Wagon;automatic;ca;151788;gray;gray;tycon enterprises;4625;4300;12:30:00;Tue;Dec 30 2014;cheap;high_mileage;avarage
1ftrf12226nb39004;23;2006;Ford;F-150;XL;Regular Cab;manual;ca;96608;blue;gray;worthington ford;4725;4900;12:00:00;Wed;Dec 17 2014;cheap;medium_mileage;avarage
jtmzd33v466001243;26;2006;Toyota;RAV4;Base;SUV;automatic;ca;158500;black;brown;cabe toyota;6375;3600;12:30:00;Wed;Dec 17 2014;cheap;high_mileage;avarage
wdbuf56j16a777270;38;2006;Mercedes-Benz;E-Class;E350;Sedan;automatic;ca;108021;blue;tan;land rover san jose;7500;7300;12:30:00;Tue;Dec 23 2014;cheap;high_mileage;avarage
jn8az08w06w542275;23;2006;Nissan;Murano;SE;SUV;automatic;ca;103234;black;black;tdaf remarketing;5500;7100;12:30:00;Tue;Dec 16 2014;cheap;high_mileage;avarage
jn8az08t56w421327;null;2006;Nissan;Murano;SL;SUV;automatic;ca;133084;silver;—;skyhigh remarketing inc;5975;5900;12:30:00;Wed;Dec 17 2014;cheap;high_mileage;avarage
jthbh96s965027092;29;2006;Lexus;GS 300;Base;Sedan;automatic;ca;81312;black;beige;bmw of murrieta;12400;13800;12:30:00;Tue;Dec 16 2014;cheap;medium_mileage;avarage
wvwak73c36p144235;25;2006;Volkswagen;Passat;2.0T;Sedan;automatic;ca;121842;gray;black;northwest import sales;3550;2800;12:30:00;Wed;Dec 17 2014;cheap;high_mileage;avarage
wvgzm77lx6d007829;3;2006;Volkswagen;Touareg;V8;SUV;automatic;ca;123139;silver;black;jpmorgan chase bank n.a.;5500;3000;13:00:00;Tue;Dec 23 2014;cheap;high_mileage;avarage
4t1bk36b76u155445;36;2006;Toyota;Avalon;Limited;Sedan;automatic;ca;52721;silver;gray;premium auto wholesale;9200;10400;12:00:00;Thu;Dec 18 2014;cheap;medium_mileage;avarage
4t1bk36b36u073275;19;2006;Toyota;Avalon;Limited;Sedan;null;ca;149417;gray;beige;exeter finance corp;6750;5100;12:00:00;Thu;Dec 18 2014;cheap;high_mileage;avarage
1zvbp8am4e5294742;5;2014;Ford;Mustang;V6;Coupe;automatic;ca;4760;red;black;jpmorgan chase bank n.a.;18100;18000;12:00:00;Thu;Dec 18 2014;cheap;low_mileage;new
3fa6p0h77er271464;29;2014;Ford;Fusion;SE;Sedan;automatic;ca;20861;silver;black;midway hfc fleet/ars;15500;13500;12:00:00;Thu;Dec 18 2014;cheap;low_mileage;new
1fmcu0g94eua23220;1;2014;Ford;Escape;SE;SUV;automatic;ca;18392;silver;gray;enterprise vehicle exchange / tra / rental / tulsa;18000;13700;12:00:00;Tue;Dec 23 2014;cheap;low_mileage;new
1zvbp8emxe5302482;1;2014;Ford;Mustang;V6;Convertible;automatic;ca;29428;black;black;enterprise vehicle exchange / tra / rental / tulsa;16550;12300;15:05:00;Wed;Dec 17 2014;cheap;low_mileage;new
1fadp3k2xel239712;48;2014;Ford;Focus;SE;Hatchback;automatic;ca;15277;white;black;ford motor credit company;12650;13300;13:00:00;Tue;Jan 07 2014;cheap;low_mileage;new
2g1165s30f9103921;19;2015;Chevrolet;Impala;LTZ;Sedan;automatic;ca;14538;silver;black;enterprise vehicle exchange / tra / rental / tulsa;24300;7200;09:30:00;Tue;Jul 07 2015;cheap;low_mileage;new
5uxfg2c53e0h11080;4;2014;BMW;X6;xDrive35i;SUV;automatic;ca;379;white;black;financial services remarketing (lease);54800;51700;12:30:00;Thu;Dec 18 2014;medium;low_mileage;new
3n1ce2cp8fl371361;2;2015;Nissan;Versa Note;1.6 SV;Hatchback;automatic;ca;5773;red;black;enterprise vehicle exchange / tra / rental / tulsa;12050;9000;12:00:00;Tue;Jan 13 2015;cheap;low_mileage;new
5xyktca60fg563086;5;2015;Kia;Sorento;LX;SUV;automatic;ca;16348;gray;gray;kia motors america  inc;20500;20500;12:30:00;Tue;Dec 16 2014;cheap;low_mileage;new
1g1pe5sb4e7109323;37;2014;Chevrolet;Cruze;2LT;Sedan;automatic;ca;36771;silver;black;avis rac/san leandro;13000;13600;12:30:00;Wed;Dec 17 2014;cheap;low_mileage;new
1n4al3ap4fn310470;1;2015;Nissan;Altima;2.5 S;Sedan;automatic;ca;12752;gray;black;enterprise vehicle exchange / tra / rental / tulsa;14600;9500;13:00:00;Tue;Dec 30 2014;cheap;low_mileage;new
5uxkr0c54e0k49204;5;2014;BMW;X5;xDrive35i;SUV;automatic;ca;4503;white;black;financial services remarketing (lease);57500;57250;12:30:00;Thu;Dec 18 2014;medium;low_mileage;new
jn1cv6ek8dm900321;45;2013;Infiniti;G Coupe;G37 Sport;G Coupe;automatic;ca;21126;black;beige;nissan infiniti lt;25100;26500;12:30:00;Thu;Dec 18 2014;cheap;low_mileage;new
km8srdhf0du002596;5;2013;Hyundai;Santa Fe;Limited;SUV;automatic;ca;14974;white;gray;hyundai buybacks;28300;27000;12:00:00;Tue;Dec 16 2014;cheap;low_mileage;new
5npdh4ae8dh348469;44;2013;Hyundai;Elantra;GLS;Sedan;automatic;ca;39935;silver;gray;enterprise vehicle exchange/orange;11250;11000;12:30:00;Wed;Dec 17 2014;cheap;low_mileage;new
5xyztdlb9dg057378;48;2013;Hyundai;Santa Fe;Sport;SUV;automatic;ca;20663;gray;gray;hyundai motor america/co car;19500;19200;12:00:00;Tue;Dec 16 2014;cheap;low_mileage;new
jn1cv6ap2dm714887;43;2013;Infiniti;G Sedan;G37 Journey;G Sedan;automatic;ca;16154;gray;black;nissan infiniti lt;23700;22750;12:30:00;Thu;Dec 18 2014;cheap;low_mileage;new
jn1cv6apxdm712403;37;2013;Infiniti;G Sedan;G37 Journey;G Sedan;automatic;ca;22165;black;beige;nissan infiniti lt;23000;22750;12:30:00;Thu;Dec 18 2014;cheap;low_mileage;new
jn1cv6ap9dm719505;41;2013;Infiniti;G Sedan;G37 Journey;G Sedan;automatic;ca;15562;gray;black;nissan infiniti lt;23800;24500;12:30:00;Thu;Dec 18 2014;cheap;low_mileage;new
jn1cv6ap8dm711170;44;2013;Infiniti;G Sedan;G37 Journey;G Sedan;automatic;ca;22021;black;black;nissan infiniti lt;23000;22000;12:30:00;Thu;Dec 18 2014;cheap;low_mileage;new
jn1cv6ap9dm715258;26;2013;Infiniti;G Sedan;G37 Journey;G Sedan;automatic;ca;14264;white;tan;nissan infiniti lt;23900;20750;12:30:00;Tue;Dec 23 2014;cheap;low_mileage;new
jn1cv6ap1dm300757;43;2013;Infiniti;G Sedan;G37 Journey;G Sedan;automatic;ca;17232;white;—;nissan infiniti lt;23600;24500;12:30:00;Thu;Dec 18 2014;cheap;low_mileage;new
jn1cv6ap7dm713816;47;2013;Infiniti;G Sedan;G37 Journey;G Sedan;automatic;ca;25635;white;beige;nissan infiniti lt;22600;26500;12:30:00;Thu;Dec 18 2014;cheap;low_mileage;new
5npeb4acxdh752037;37;2013;Hyundai;Sonata;GLS;Sedan;automatic;ca;39062;blue;gray;avis corporation;12000;12200;11:30:00;Thu;Dec 18 2014;cheap;low_mileage;new
kmhcu5ae3du079747;46;2013;Hyundai;Accent;SE;Hatchback;automatic;ca;27387;silver;black;hyundai motor america/co car;9950;11400;12:00:00;Tue;Dec 16 2014;cheap;low_mileage;new
jn1cv6ek2dm922699;41;2013;Infiniti;G Coupe;G37 Sport;G Coupe;automatic;ca;13002;—;black;nissan infiniti lt;26100;26500;12:30:00;Thu;Dec 18 2014;cheap;low_mileage;new
jn1cv6ap1dm711334;42;2013;Infiniti;G Sedan;G37 Journey;G Sedan;automatic;ca;25016;white;black;nissan infiniti lt;22700;24750;12:30:00;Thu;Dec 18 2014;cheap;low_mileage;new
jthbk1gg1d2049728;38;2013;Lexus;ES 350;Base;Sedan;automatic;ca;24478;gray;black;mercedes benz of temecula;28900;27750;12:00:00;Thu;Dec 18 2014;cheap;low_mileage;new
1n4al3ap0dn511313;35;2013;Nissan;Altima;2.5;Sedan;automatic;ca;38688;red;black;avis corporation;12850;13500;12:30:00;Tue;Dec 16 2014;cheap;low_mileage;new
wmwsu3c59dt548117;35;2013;MINI;Cooper;Base;Hatchback;automatic;ca;36000;green;black;avis rac/san leandro;12750;13700;12:30:00;Wed;Dec 17 2014;cheap;low_mileage;new
wddgj4hbxdf943918;35;2013;Mercedes-Benz;C-Class;C250;Coupe;automatic;ca;10782;gray;black;mercedes-benz financial services;26000;26000;04:30:00;Thu;Jan 15 2015;cheap;low_mileage;new
wdcgg5hb6df956724;34;2013;Mercedes-Benz;GLK-Class;GLK350;SUV;automatic;ca;21052;gray;black;mercedes-benz usa;29500;25500;12:00:00;Thu;Dec 18 2014;cheap;low_mileage;new
knaft4a26d5682378;2;2013;Kia;Forte;LX;Sedan;automatic;ca;81410;black;gray;kia motors finance;6775;2700;12:00:00;Tue;Jan 13 2015;cheap;medium_mileage;new
2lmdj8jk9dbl34528;43;2013;Lincoln;MKX;Base;SUV;automatic;ca;39459;burgundy;tan;avis rac/san leandro;24700;24500;12:30:00;Wed;Dec 17 2014;cheap;low_mileage;new
jn1cv6ar2dm752900;37;2013;Infiniti;G Sedan;G37x;G Sedan;automatic;ca;44723;black;—;the hertz corporation;20900;20401;12:30:00;Thu;Dec 18 2014;cheap;low_mileage;new
knaft4a2xd5718881;37;2013;Kia;Forte;LX;Sedan;automatic;ca;39081;white;beige;kia motors finance;8075;8500;12:30:00;Tue;Jan 13 2015;cheap;low_mileage;new
2t2bk1ba8dc191589;46;2013;Lexus;RX 350;Base;SUV;automatic;ca;21932;burgundy;black;desert auto trade;36200;37750;12:30:00;Tue;Dec 16 2014;medium;low_mileage;new
jthbk1gg3d2061489;36;2013;Lexus;ES 350;Base;Sedan;automatic;ca;20880;gray;beige;enterprise vehicle exchange/orange;29400;29300;12:30:00;Tue;Dec 16 2014;cheap;low_mileage;new
2t1bu4ee4dc089995;47;2013;Toyota;Corolla;S;Sedan;automatic;ca;19836;orange;black;consolidated asset recovery systems  inc.;13500;14100;12:30:00;Wed;Dec 17 2014;cheap;low_mileage;new
jtezu4bf8dk013024;37;2013;Toyota;FJ Cruiser;Base;SUV;automatic;ca;36431;black;black;avis rac/san leandro;25200;24200;04:30:00;Wed;Jan 14 2015;cheap;low_mileage;new
5yfbu4ee7dp143368;1;2013;Toyota;Corolla;LE;Sedan;automatic;ca;48744;—;gray;fox rent a car tra;10600;9500;12:00:00;Tue;Dec 16 2014;cheap;medium_mileage;new
jn8as5mt2dw525715;41;2013;Nissan;Rogue;S;SUV;null;ca;40924;—;black;nissan motor acceptance corporation;13200;13000;12:30:00;Tue;Dec 16 2014;cheap;low_mileage;new
wp1aa2a26dla06093;37;2013;Porsche;Cayenne;Base;SUV;automatic;ca;15746;gray;black;the hertz corporation;49300;46500;12:30:00;Tue;Dec 16 2014;medium;low_mileage;new
3n1cn7ap0dl867784;43;2013;Nissan;Versa;1.6 S Plus;Sedan;automatic;ca;26850;blue;black;a l financial corporation;10100;9500;12:30:00;Wed;Dec 17 2014;cheap;low_mileage;new
5tftx4cnxdx028456;45;2013;Toyota;Tacoma;Base;Access Cab;automatic;ca;31326;—;gray;ge fleet services for itself/servicer;16950;18500;12:00:00;Tue;Dec 16 2014;cheap;low_mileage;new
jn8az2kr3dt302814;37;2013;Nissan;Cube;1.8 SL;Wagon;automatic;ca;26505;blue;black;wells fargo dealer services;11850;12100;12:00:00;Thu;Dec 18 2014;cheap;low_mileage;new
1n4al3ap2dn433729;37;2013;Nissan;Altima;2.5;Sedan;automatic;ca;26221;—;black;nissan-infiniti lt;14200;15500;12:30:00;Tue;Dec 16 2014;cheap;low_mileage;new
wvwbp7an9de566450;1;2013;Volkswagen;CC;R-Line PZEV;Sedan;automatic;ca;24369;black;black;vw credit;16350;13100;12:00:00;Tue;Dec 16 2014;cheap;low_mileage;new
4t1bf1fk4du208401;null;2013;Toyota;Camry;SE;Sedan;automatic;ca;59291;black;—;jimmy vasser toyota;12550;13800;12:30:00;Wed;Dec 17 2014;cheap;medium_mileage;new
3tmlu4en7dm117820;43;2013;Toyota;Tacoma;V6;Double Cab;automatic;ca;36744;silver;gray;american road leasing inc;27200;26750;12:15:00;Wed;Jan 07 2015;cheap;low_mileage;new
jn8az1mw6dw303046;38;2013;Nissan;Murano;S;SUV;automatic;ca;23629;white;beige;advantage rent a car/hertz;22800;18900;12:30:00;Wed;Dec 17 2014;cheap;low_mileage;new
wbafr7c56cc809633;22;2012;BMW;5 Series;535i;Sedan;automatic;ca;28170;gray;black;financial services remarketing (lease);35100;47000;12:30:00;Thu;Dec 18 2014;medium;low_mileage;new
wbaun1c59cvh84475;44;2012;BMW;1 Series;128i;Convertible;automatic;ca;28509;blue;brown;financial services remarketing (lease);23300;22750;04:30:00;Thu;Jan 29 2015;cheap;low_mileage;new
wbadw7c56ce729432;48;2012;BMW;3 Series;328i;Convertible;automatic;ca;14910;gray;gray;financial services remarketing (lease);30700;31500;12:30:00;Thu;Dec 18 2014;medium;low_mileage;new
wbakb8c50cc964249;4;2012;null;null;null;null;automatic;ca;33155;gray;gray;financial services remarketing (lease);46100;45500;04:30:00;Thu;Jan 15 2015;medium;low_mileage;new
wbalz3c53cdl70302;34;2012;BMW;6 Series;650i;Convertible;automatic;ca;44067;black;—;financial services remarketing (lease);43000;42250;04:30:00;Thu;Jan 29 2015;medium;low_mileage;new
wbalz3c53cdl73376;37;2012;BMW;6 Series;650i;Convertible;automatic;ca;23496;white;black;financial services remarketing (lease);49800;51250;12:30:00;Thu;Dec 18 2014;medium;low_mileage;new
2c3cdxej5ch103303;37;2012;Dodge;Charger;SRT8;Sedan;automatic;ca;27842;black;black;high bid trading co inc;31600;34750;12:15:00;Wed;Dec 17 2014;medium;low_mileage;new
2c4rdgbgxcr138394;44;2012;Dodge;Grand Caravan;American Value Package;Minivan;automatic;ca;97805;silver;black;wheels exchange llc;7975;8900;12:30:00;Wed;Dec 17 2014;cheap;medium_mileage;new
2fmdk3g93cba04334;45;2012;Ford;Edge;SE;SUV;automatic;ca;30801;white;beige;ford motor credit company llc pd;15400;16600;12:00:00;Thu;Dec 18 2014;cheap;low_mileage;new
1g1pf5sc0c7375697;46;2012;Chevrolet;Cruze;1LT;Sedan;automatic;ca;36315;red;gray;ge fleet services for itself/servicer;10100;10400;12:30:00;Tue;Dec 23 2014;cheap;low_mileage;new
1fahp3h20cl470320;null;2012;Ford;Focus;SEL;Sedan;automatic;ca;38370;white;gray;kearny pearson kia;10600;10700;12:30:00;Wed;Dec 17 2014;cheap;low_mileage;new
1fmcu0eg0ckc81633;null;2012;Ford;Escape;Limited;SUV;null;ca;21072;black;—;carmax # 7159;17550;13400;12:30:00;Wed;Dec 17 2014;cheap;low_mileage;new
2fmdk3jc0cba70702;49;2012;Ford;Edge;SEL;SUV;automatic;ca;15339;blue;tan;ford motor credit company llc pd;21200;21100;12:00:00;Thu;Dec 18 2014;cheap;low_mileage;new
3fahp0jg6cr296274;38;2012;Ford;Fusion;SEL;Sedan;automatic;ca;75658;white;tan;dtg operations inc;8750;9200;11:30:00;Thu;Dec 18 2014;cheap;medium_mileage;new
km8ju3acxcu486909;4;2012;Hyundai;Tucson;GLS;SUV;automatic;ca;56451;gray;black;hyundai motor finance;13100;13400;12:00:00;Tue;Dec 16 2014;cheap;medium_mileage;new
5fnyf3h42cb032027;25;2012;Honda;Pilot;EX;SUV;automatic;ca;51201;gray;gray;california fleet inc;18900;17000;12:00:00;Thu;Dec 18 2014;cheap;medium_mileage;new
kmhdh4ae4cu324640;42;2012;Hyundai;Elantra;GLS;Sedan;automatic;ca;34411;black;beige;hyundai motor finance;10350;11600;12:00:00;Tue;Dec 16 2014;cheap;low_mileage;new
jn1dv6apxcm813007;41;2012;Infiniti;G Sedan;G25;G Sedan;automatic;ca;21493;white;black;nissan infiniti lt;19650;20250;12:30:00;Thu;Dec 18 2014;cheap;low_mileage;new
jn1dv6ap4cm812693;47;2012;Infiniti;G Sedan;G25;G Sedan;automatic;ca;14334;black;black;nissan infiniti lt;20400;20250;12:30:00;Thu;Dec 18 2014;cheap;low_mileage;new
1zvbp8ff1c5262211;null;2012;Ford;Mustang;GT;Convertible;null;ca;33956;gray;—;trade in solutions irvine;23000;21000;12:30:00;Tue;Dec 16 2014;cheap;low_mileage;new
2hgfb2f80ch320417;21;2012;Honda;Civic;EX;Sedan;automatic;ca;32403;gray;gray;ahfc/honda lease trust/hvt  inc. eot;12300;11500;12:00:00;Thu;Dec 18 2014;cheap;low_mileage;new
2hgfb2f5xch584427;26;2012;Honda;Civic;LX;Sedan;automatic;ca;21036;gray;gray;myrddin fleet services;11850;11300;12:30:00;Wed;Dec 17 2014;cheap;low_mileage;new
wmwsu3c57ct257016;37;2012;MINI;Cooper;Base;Hatchback;automatic;ca;23278;red;—;bmw mini financial services;14550;13000;12:30:00;Thu;Dec 18 2014;cheap;low_mileage;new
jthbf5c25c5169633;22;2012;Lexus;IS 250;Base;Sedan;automatic;ca;49618;gray;black;lexus financial services;21300;18800;12:30:00;Tue;Dec 23 2014;cheap;medium_mileage;new
sajwa1cb8clv28495;42;2012;Jaguar;XJ;Base;Sedan;automatic;ca;10743;silver;black;desert auto trade;41000;40750;12:30:00;Tue;Dec 16 2014;medium;low_mileage;new
jn1ey1ap8cm910589;44;2012;Infiniti;M;M35h;Sedan;automatic;ca;45538;white;gray;nissan infiniti lt;24700;29250;04:30:00;Thu;Jan 15 2015;cheap;medium_mileage;new
jn1cv6ap0cm620196;4;2012;Infiniti;G Sedan;G37 Journey;G Sedan;automatic;ca;31565;black;black;nissan infiniti lt;21600;21750;12:30:00;Thu;Dec 18 2014;cheap;low_mileage;new
wmwsu3c55ct261906;46;2012;MINI;Cooper;Base;Hatchback;automatic;ca;20149;green;—;bmw mini financial services;14800;14750;12:30:00;Thu;Dec 18 2014;cheap;low_mileage;new
jn1cv6ap6cm621711;43;2012;Infiniti;G Sedan;G37 Journey;G Sedan;automatic;ca;27834;black;black;nissan infiniti lt;22000;20750;12:30:00;Thu;Dec 18 2014;cheap;low_mileage;new
3lnhl2gc1cr814700;35;2012;Lincoln;MKZ;Base;Sedan;automatic;ca;35825;blue;black;galpin ford studio rentals;14850;14250;12:00:00;Tue;Dec 23 2014;cheap;low_mileage;new
1c4pjmak5cw183626;35;2012;Jeep;Liberty;Sport;SUV;automatic;ca;36431;silver;black;dtg operations inc;14450;14100;11:30:00;Thu;Dec 18 2014;cheap;low_mileage;new
3n1ab6apxcl629997;21;2012;Nissan;Sentra;2;Sedan;null;ca;32247;blue;gray;merchants leasing;9675;7300;04:30:00;Wed;Feb 04 2015;cheap;low_mileage;new
1n4al2ap0cn424407;41;2012;Nissan;Altima;2.5 S;Sedan;automatic;ca;60795;silver;black;nissan-infiniti lt;10650;12500;12:30:00;Tue;Dec 16 2014;cheap;medium_mileage;new
1n4al2ap5cn458231;35;2012;Nissan;Altima;2.5 S;Sedan;automatic;ca;33732;white;black;nissan-infiniti lt;12450;12500;12:30:00;Tue;Dec 16 2014;cheap;low_mileage;new
jn8as5mt0cw251381;26;2012;Nissan;Rogue;S;SUV;automatic;ca;56424;silver;black;nissan motor acceptance corporation;15200;12250;12:30:00;Tue;Dec 16 2014;cheap;medium_mileage;new
4jgda5hb6ca044788;22;2012;Mercedes-Benz;M-Class;ML350 4MATIC;SUV;automatic;ca;42503;gray;black;fletcher jones motorcars;33700;29750;12:00:00;Thu;Dec 18 2014;cheap;low_mileage;new
4jgbf7be7ca773583;46;2012;Mercedes-Benz;GL-Class;GL450 4MATIC;SUV;automatic;ca;18330;white;brown;mercedes-benz usa;41000;36750;12:00:00;Thu;Dec 18 2014;medium;low_mileage;new
jn8as5mt3cw291728;41;2012;Nissan;Rogue;S;SUV;automatic;ca;44066;black;black;nissan motor acceptance corporation;15650;14250;12:30:00;Wed;Dec 17 2014;cheap;low_mileage;new
1n4al2ap3cc259271;23;2012;Nissan;Altima;2.5 S;Sedan;automatic;ca;31702;silver;black;remarketing by ge/manheim california;11350;10250;12:30:00;Wed;Dec 17 2014;cheap;low_mileage;new
wmeej3baxck524809;44;2012;smart;fortwo;passion coupe;Hatchback;automatic;ca;39963;silver;black;mercedes-benz financial services;5975;7250;12:30:00;Thu;Dec 18 2014;cheap;low_mileage;new
wa1lmafe5bd003010;38;2011;Audi;Q7;TDI Premium quattro;SUV;automatic;ca;79245;black;—;fiserv/usb dealer services northstar exchange;28200;28500;12:30:00;Thu;Dec 18 2014;cheap;medium_mileage;new
wbafr9c51bde81867;21;2011;BMW;5 Series;550i;Sedan;automatic;ca;58778;white;black;remarketing by ge/manheim riverside;27900;26250;12:30:00;Thu;Dec 18 2014;cheap;medium_mileage;new
wbadx7c54be743406;41;2011;BMW;3 Series;335i;Convertible;automatic;ca;24708;black;tan;financial services remarketing (lease);29100;29000;12:30:00;Thu;Dec 18 2014;cheap;low_mileage;new
wbaph5c57ba441419;31;2011;BMW;3 Series;328i;Sedan;automatic;ca;31785;black;black;financial services remarketing (lease);19800;21250;12:30:00;Thu;Dec 18 2014;cheap;low_mileage;new
wbadx7c59be581546;34;2011;BMW;3 Series;335i;Convertible;automatic;ca;22819;black;black;financial services remarketing (lease);29400;30250;12:30:00;Thu;Dec 18 2014;medium;low_mileage;new
wvwhd7aj4cw325923;36;2012;Volkswagen;GTI;PZEV;Hatchback;automatic;ca;51067;gray;gray;walters auto sales/service inc;13850;15250;12:30:00;Tue;Dec 16 2014;cheap;medium_mileage;new
wbapn7c52bf183611;46;2011;BMW;3 Series;335d;Sedan;automatic;ca;46258;black;black;financial services remarketing (lease);21200;22250;12:30:00;Thu;Dec 18 2014;cheap;medium_mileage;new
wbapk5c52bf125527;44;2011;BMW;3 Series;328i xDrive;Sedan;automatic;ca;29932;blue;tan;financial services remarketing (lease);20500;20500;12:30:00;Thu;Dec 18 2014;cheap;low_mileage;new
nm0ls7bn8bt043315;43;2011;Ford;Transit Connect;Cargo Van XLT;Minivan;automatic;ca;115751;white;gray;northwestern chrys/j/d/ge;8575;8600;12:30:00;Tue;Dec 23 2014;cheap;high_mileage;new
1hgcp2f48ba157076;19;2011;Honda;Accord;LX-P;Sedan;automatic;ca;16545;black;beige;ahfc/honda lease trust/hvt  inc. eot;12700;11000;15:00:00;Tue;Dec 30 2014;cheap;low_mileage;new
1gnkvged8bj135858;35;2011;Chevrolet;Traverse;LT1;SUV;automatic;ca;67807;gray;black;wells fargo dealer services;15550;15600;15:00:00;Tue;Dec 30 2014;cheap;medium_mileage;new
kmhgc4de5bu145304;31;2011;Hyundai;Genesis;3.8;Sedan;automatic;ca;83933;black;black;hyundai motor finance;12550;13000;12:00:00;Tue;Dec 16 2014;cheap;medium_mileage;new
3fahp0ha4br185657;39;2011;Ford;Fusion;SE;Sedan;automatic;ca;101742;—;gray;wheels exchange llc;6975;6800;12:30:00;Wed;Dec 17 2014;cheap;high_mileage;new
1ftfx1cf0bkd19577;21;2011;Ford;F-150;FX2;SuperCab;automatic;ca;48577;black;black;remarketing by ge/flagship credit acceptance;19100;14250;12:00:00;Tue;Jan 06 2015;cheap;medium_mileage;new
5xyzgdag3bg083393;39;2011;Hyundai;Santa Fe;GLS;SUV;automatic;ca;25305;blue;gray;hyundai buybacks;15200;12000;12:00:00;Tue;Dec 16 2014;cheap;low_mileage;new
1ftse3el5bda45283;2;2011;Ford;E-Series Van;E-250;E-Series Van;automatic;ca;104702;white;gray;enterprise fm exchange/tra/lease;11150;9200;12:00:00;Tue;Dec 16 2014;cheap;high_mileage;new
jn8as1mu4bm711802;34;2011;Infiniti;FX;FX35;SUV;automatic;ca;48901;brown;black;nissan infiniti lt;25500;28250;12:30:00;Thu;Dec 18 2014;cheap;medium_mileage;new
2cnflgec6b6205342;38;2011;Chevrolet;Equinox;LTZ;SUV;automatic;ca;24779;brown;brown;walters auto sales/service inc;18000;20500;12:30:00;Tue;Dec 16 2014;cheap;low_mileage;new
2hgfg2a50bh701214;29;2011;Honda;Civic;Si;Coupe;manual;ca;58395;black;black;lease remarketing services inc;11950;13000;16:00:00;Tue;Dec 30 2014;cheap;medium_mileage;new
3gnbaafwxbs641828;31;2011;Chevrolet;HHR;LS;Wagon;automatic;ca;107036;silver;black;wheels exchange llc;4900;5300;12:30:00;Wed;Dec 17 2014;cheap;high_mileage;new
1g1125s38eu162597;null;2014;Chevrolet;Impala;LT;Sedan;automatic;ca;15194;red;gray;avis rac/san leandro;20600;14800;13:00:00;Tue;Dec 16 2014;cheap;low_mileage;new
2c4rdgcg0er264085;4;2014;Dodge;Grand Caravan;SXT;Minivan;automatic;ca;26182;white;beige;enterprise holdings/gdp;16550;15750;12:30:00;Tue;Dec 30 2014;cheap;low_mileage;new
2c4rdgcg0er181613;41;2014;Dodge;Grand Caravan;SXT;Minivan;automatic;ca;40862;red;black;avis corporation;15400;16500;12:30:00;Tue;Dec 16 2014;cheap;low_mileage;new
1g1pg5sb7e7115336;37;2014;Chevrolet;Cruze;LTZ;Sedan;automatic;ca;40894;blue;black;avis corporation;13400;10000;04:30:00;Tue;Jan 20 2015;cheap;low_mileage;new
2c4rc1bg7er325398;3;2014;Chrysler;Town and Country;Touring;Minivan;automatic;ca;18975;—;black;pv holding inc/gdp;19600;19400;12:30:00;Tue;Dec 23 2014;cheap;low_mileage;new
2c3ccakg1eh253100;3;2014;Chrysler;300;C;Sedan;automatic;ca;28045;—;black;pv holding inc/gdp;22100;21300;12:30:00;Tue;Dec 16 2014;cheap;low_mileage;new
1c3ccbcg0en193211;null;2014;Chrysler;200;Limited;Sedan;automatic;ca;12309;gray;black;hertz/tra;15050;2500;13:00:00;Tue;Dec 16 2014;cheap;low_mileage;new
2c4rc1bg9er208020;44;2014;Chrysler;Town and Country;Touring;Minivan;automatic;ca;42434;red;black;enterprise vehicle exchange/orange;17250;16700;12:30:00;Tue;Dec 16 2014;cheap;low_mileage;new
2c3ccaag0eh199970;3;2014;Chrysler;300;Base;Sedan;automatic;ca;24769;gray;black;hertz corporation/gdp;18550;18500;12:30:00;Tue;Dec 16 2014;cheap;low_mileage;new
wddkj5gb6bf076399;41;2011;Mercedes-Benz;E-Class;E350;Coupe;automatic;ca;32058;black;gray;mercedes-benz financial services;27300;23000;12:30:00;Thu;Dec 18 2014;cheap;low_mileage;new
salmf1e49ba336320;39;2011;Land Rover;Range Rover;Supercharged;SUV;automatic;ca;53634;black;black;bank of the west;43200;46000;12:00:00;Thu;Dec 18 2014;medium;medium_mileage;new
1j4pn2gk0bw581299;41;2011;Jeep;Liberty;Sport;SUV;automatic;ca;40432;green;black;ge fleet services for itself/servicer;14650;14750;12:00:00;Tue;Dec 16 2014;cheap;low_mileage;new
jn1cv6ek3bm215043;39;2011;Infiniti;G Coupe;G37;G Coupe;automatic;ca;10916;white;black;nissan infiniti lt;23300;24500;12:30:00;Thu;Dec 18 2014;cheap;low_mileage;new
jm1bl1vg2b1428323;4;2011;Mazda;Mazda3;i Touring;Sedan;automatic;ca;43523;white;black;jpmorgan chase bank n.a.;9625;12750;12:30:00;Tue;Dec 16 2014;cheap;low_mileage;new
kndjt2a23b7344049;33;2011;Kia;Soul;!;Wagon;automatic;ca;59460;gray;black;santander consumer;9375;10000;12:00:00;Thu;Jan 08 2015;cheap;medium_mileage;new
jn1cv6ap2bm305205;21;2011;Infiniti;G Sedan;G37 Journey;G Sedan;automatic;ca;41191;blue;beige;nissan infiniti lt;19500;16000;12:30:00;Tue;Dec 16 2014;cheap;low_mileage;new
wddgf5eb5ba528737;19;2011;Mercedes-Benz;C-Class;C300 Sport;Sedan;automatic;ca;29355;black;black;mercedes-benz usa;20000;16250;12:00:00;Thu;Dec 18 2014;cheap;low_mileage;new
wddhh8hb7ba213255;31;2011;Mercedes-Benz;E-Class;E350 4MATIC;Wagon;automatic;ca;71682;black;black;lexus of riverside;22800;25000;12:30:00;Thu;Dec 18 2014;cheap;medium_mileage;new
jn1cv6fe8bm954126;36;2011;Infiniti;G Convertible;G37;G Convertible;automatic;ca;32354;gray;black;nissan infiniti lt;24500;24750;12:30:00;Thu;Dec 18 2014;cheap;low_mileage;new
1yvhz8bh9b5m27574;33;2011;Mazda;Mazda6;i Sport;Sedan;automatic;ca;52241;gray;black;jpmorgan chase bank n.a.;8850;10750;12:30:00;Tue;Dec 16 2014;cheap;medium_mileage;new
jn1cv6ar8bm412423;28;2011;Infiniti;G Sedan;G37x;G Sedan;automatic;ca;38722;black;black;nissan infiniti lt;19200;17500;12:30:00;Tue;Dec 16 2014;cheap;low_mileage;new
wddgf5eb6bf652521;43;2011;Mercedes-Benz;C-Class;C300 Sport;Sedan;automatic;ca;33106;white;black;gossler motors;19600;19750;12:00:00;Tue;Dec 16 2014;cheap;low_mileage;new
2b3cj4dv9ah291720;19;2010;Dodge;Challenger;SE;Coupe;automatic;ca;105930;black;black;a l financial;10350;10500;04:30:00;Wed;Jan 14 2015;cheap;high_mileage;avarage
1n4al2ap1bn465000;26;2011;Nissan;Altima;2.5;Sedan;automatic;ca;49171;black;black;nissan-infiniti lt;10700;12500;12:30:00;Tue;Dec 16 2014;cheap;medium_mileage;new
4t1bf3ek5bu774920;null;2011;Toyota;Camry;Base;Sedan;null;ca;34584;white;—;manheim san diego;11300;11700;12:30:00;Wed;Dec 17 2014;cheap;low_mileage;new
4t1bf3ek5bu621955;2;2011;Toyota;Camry;SE;Sedan;automatic;ca;92494;white;black;santander consumer;10150;9500;12:00:00;Thu;Dec 18 2014;cheap;medium_mileage;new
4t1bf3ek7bu760873;28;2011;Toyota;Camry;LE;Sedan;automatic;ca;44746;silver;gray;toyota financial services;11100;11000;00:00:00;Tue;Dec 23 2014;cheap;low_mileage;new
1gnlrged5aj210202;27;2010;Chevrolet;Traverse;LT2;SUV;automatic;ca;78175;beige;black;exeter finance corp;13900;12900;12:00:00;Thu;Dec 18 2014;cheap;medium_mileage;avarage
jtdkn3du7b1369590;34;2011;Toyota;Prius;Three;Hatchback;automatic;ca;41859;red;beige;toyota financial services;14750;15500;12:30:00;Wed;Dec 17 2014;cheap;low_mileage;new
1ftmf1cw4aka89941;2;2010;Ford;F-150;XL;Regular Cab;automatic;ca;140738;white;tan;enterprise fm exchange/tra/lease;4850;4100;13:00:00;Tue;Dec 23 2014;cheap;high_mileage;avarage
5fnrl3h6xab026116;33;2010;Honda;Odyssey;EX-L;Minivan;automatic;ca;82376;silver;gray;myrddin fleet services;15050;13500;12:30:00;Wed;Dec 17 2014;cheap;medium_mileage;avarage
jm1bl1sfxa1316296;37;2010;Mazda;Mazda3;i Sport;Sedan;automatic;ca;75707;gray;black;wells fargo dealer services;6825;8400;12:00:00;Thu;Dec 18 2014;cheap;medium_mileage;avarage
3vwrg3ag5am018568;31;2010;Volkswagen;New Beetle;2.5L Red Rock Edition PZEV;Hatchback;automatic;ca;65937;white;tan;nextgear capital;7300;7100;12:30:00;Wed;Dec 17 2014;cheap;medium_mileage;avarage
3fadp0l3xar340623;31;2010;Ford;Fusion Hybrid;Base;Sedan;automatic;ca;71555;gray;black;remarketing by ge/schools first fcu;10500;10500;12:00:00;Tue;Dec 16 2014;cheap;medium_mileage;avarage
jtdkn3du7a0135437;19;2010;Toyota;Prius;III;Hatchback;automatic;ca;113815;silver;gray;california fleet inc;10550;10400;12:00:00;Thu;Dec 18 2014;cheap;high_mileage;avarage
wdcgg5gb8af410648;31;2010;Mercedes-Benz;GLK-Class;GLK350;SUV;automatic;ca;77517;silver;black;skyhigh remarketing inc;16850;16500;12:15:00;Wed;Dec 17 2014;cheap;medium_mileage;avarage
4jgbf7be7aa613510;39;2010;Mercedes-Benz;GL-Class;GL450 4MATIC;SUV;automatic;ca;54812;black;black;hoehn motors inc;27000;26750;12:30:00;Tue;Dec 16 2014;cheap;medium_mileage;avarage
2hgfg1b82ah523663;45;2010;Honda;Civic;EX;Coupe;automatic;ca;99975;gray;gray;lbs financial credit union;7025;8900;12:30:00;Wed;Dec 17 2014;cheap;medium_mileage;avarage
1ftex1c81afd12139;1;2010;Ford;F-150;XLT;SuperCab;automatic;ca;141217;silver;beige;tradewinds remarketing;9750;9350;12:30:00;Wed;Dec 31 2014;cheap;high_mileage;avarage
jn1cv6fe8am355371;39;2010;Infiniti;G37 Convertible;Base;G37 Convertible;automatic;ca;58266;white;beige;nissan infiniti lt;18450;21000;12:30:00;Wed;Dec 17 2014;cheap;medium_mileage;avarage
1nxbu40e79z135798;31;2009;Toyota;Corolla;Base;Sedan;automatic;ca;79618;silver;gray;jpmorgan chase bank n.a.;6625;8200;12:00:00;Thu;Dec 18 2014;cheap;medium_mileage;avarage
jm3tb28v690180060;31;2009;Mazda;CX-9;Grand Touring;SUV;automatic;ca;140689;white;gray;northwest import sales;6775;8000;12:30:00;Wed;Dec 17 2014;cheap;high_mileage;avarage
4jgbb86e29a465998;27;2009;Mercedes-Benz;M-Class;ML350 4MATIC;SUV;automatic;ca;71108;silver;black;dublin honda;18700;18500;12:30:00;Wed;Dec 17 2014;cheap;medium_mileage;avarage
wbanv13559c154975;44;2009;BMW;5 Series;528i xDrive;Sedan;automatic;ca;41128;black;off-white;financial services remarketing (lease);17100;17800;12:30:00;Tue;Dec 16 2014;cheap;low_mileage;avarage
wmwmf73599tw81834;2;2009;MINI;Cooper;S;Hatchback;automatic;ca;108096;gray;black;east bay bmw;5825;4600;15:10:00;Wed;Dec 17 2014;cheap;high_mileage;avarage
3fahp08109r180756;null;2009;Ford;Fusion;SEL;Sedan;automatic;ca;56663;black;black;kearny pearson kia;9025;8500;12:30:00;Wed;Dec 17 2014;cheap;medium_mileage;avarage
2g1wd57c191152763;19;2009;Chevrolet;Impala;SS;Sedan;automatic;ca;101928;silver;black;jpmorgan chase bank n.a.;7300;5000;12:00:00;Thu;Dec 18 2014;cheap;high_mileage;avarage
1nxbu40e39z084946;null;2009;Toyota;Corolla;LE;Sedan;automatic;ca;129005;black;—;marios auto wholesale;6250;5400;12:30:00;Wed;Dec 17 2014;cheap;high_mileage;avarage
1c3lc46b09n536939;19;2009;Chrysler;Sebring;LX;Sedan;automatic;ca;71042;white;gray;us bank;5425;4000;12:30:00;Tue;Dec 16 2014;cheap;medium_mileage;avarage
1nxbu40e29z011048;36;2009;Toyota;Corolla;LE;Sedan;automatic;ca;83334;white;beige;san diego sports cars;6925;9100;12:15:00;Wed;Dec 17 2014;cheap;medium_mileage;avarage
knafe222795664881;19;2009;Kia;Spectra;EX;Sedan;automatic;ca;75430;black;beige;enterprise car sales/orange;4250;3500;12:30:00;Wed;Dec 17 2014;cheap;medium_mileage;avarage
1hgcp36848a014725;43;2008;Honda;Accord;EX-L V-6;Sedan;automatic;ca;76120;gray;gray;aaero sweet company;9500;12500;11:30:00;Thu;Dec 18 2014;cheap;medium_mileage;avarage
3gnec12008g228675;37;2008;Chevrolet;Avalanche;LT;Crew Cab;automatic;ca;106237;gray;black;wondries toyota;12600;14000;12:30:00;Wed;Dec 17 2014;cheap;high_mileage;avarage
wmwmf33558tu66376;28;2008;MINI;Cooper;Base;Hatchback;manual;ca;72700;green;black;high bid trading co inc;6900;6500;12:15:00;Wed;Dec 31 2014;cheap;medium_mileage;avarage
1gnfc13j48r186765;null;2008;Chevrolet;Tahoe;LT;SUV;null;ca;77806;gray;—;win hyundai carson;17700;20500;12:30:00;Tue;Dec 16 2014;cheap;medium_mileage;avarage
3a8fy48b58t248316;24;2008;Chrysler;PT Cruiser;Base;Wagon;automatic;ca;102192;white;gray;redline remarketing;2800;2900;12:05:00;Wed;Dec 17 2014;cheap;high_mileage;avarage
2d4fv47t38h221511;1;2008;Dodge;Magnum;Base;Wagon;automatic;ca;81971;silver;black;credit acceptance corp/vrs/southfield;6200;2800;15:00:00;Wed;Dec 17 2014;cheap;medium_mileage;avarage
2hgfg12618h539040;25;2008;Honda;Civic;LX;Coupe;automatic;ca;95678;gray;gray;ahfc/honda lease trust/hvt  inc.;5925;6300;12:00:00;Thu;Dec 18 2014;cheap;medium_mileage;avarage
2a8gm68x78r631202;38;2008;Chrysler;Pacifica;Touring;Wagon;automatic;ca;114074;white;gray;veros credit;4725;3700;12:00:00;Thu;Dec 18 2014;cheap;high_mileage;avarage
5uxfe83528l166899;36;2008;BMW;X5;4.8i;SUV;automatic;ca;71100;black;black;ubs wholesale;18100;19750;12:30:00;Thu;Dec 18 2014;cheap;medium_mileage;avarage
wauaf78e67a206890;null;2007;Audi;A4;2.0T;Sedan;automatic;ca;108796;silver;—;golden gate auto wholesale inc;5825;6400;12:30:00;Wed;Dec 17 2014;cheap;high_mileage;avarage
jtjgw31u682009105;21;2008;Lexus;RX 400h;Base;SUV;automatic;ca;83658;gray;gray;pacific porsche;16100;12800;12:30:00;Wed;Dec 17 2014;cheap;medium_mileage;avarage
wbaeh13597cr46437;34;2007;BMW;6 Series;650i;Coupe;automatic;ca;110984;black;beige;imans imports;13550;13000;12:30:00;Tue;Dec 23 2014;cheap;high_mileage;avarage
1g2al18f787179333;37;2008;Pontiac;G5;Base;Coupe;automatic;ca;93498;silver;black;lobel financial corp;4125;4000;12:30:00;Wed;Dec 17 2014;cheap;medium_mileage;avarage
wddej71x78a016960;44;2008;Mercedes-Benz;CL-Class;CL550;Coupe;automatic;ca;64251;black;tan;autobahnd;30500;30000;12:30:00;Tue;Jan 06 2015;cheap;medium_mileage;avarage
2hnyd28857h523060;23;2007;Acura;MDX;Base;SUV;automatic;ca;131505;silver;black;wells fargo dealer services;13050;12400;12:00:00;Thu;Dec 18 2014;cheap;high_mileage;avarage
5j8tb18597a005863;34;2007;Acura;RDX;Base;SUV;automatic;ca;104329;—;black;lease remarketing services inc;9875;11800;12:30:00;Wed;Dec 17 2014;cheap;high_mileage;avarage
5npet46c58h343021;19;2008;Hyundai;Sonata;GLS;Sedan;automatic;ca;119035;red;tan;wells fargo dealer services;3600;3400;12:00:00;Thu;Dec 18 2014;cheap;high_mileage;avarage
1g2al18f887123465;19;2008;Pontiac;G5;Base;Coupe;manual;ca;98777;red;black;rancho ford;3925;2550;12:00:00;Thu;Jan 08 2015;cheap;medium_mileage;avarage
jh4cl96977c010515;25;2007;Acura;TSX;Base;Sedan;automatic;ca;105929;silver;black;onemain rem/delta dealer;8125;9700;12:30:00;Wed;Dec 17 2014;cheap;high_mileage;avarage
5gtdn13e978178073;34;2007;HUMMER;H3;Base;SUV;automatic;ca;71031;gray;black;tdaf remarketing;13450;15750;12:30:00;Tue;Dec 16 2014;cheap;medium_mileage;avarage
jnkby01ex7m401150;38;2007;Infiniti;M45;Sport;Sedan;automatic;ca;112200;black;black;premium auto wholesale;12100;11700;12:00:00;Thu;Dec 18 2014;cheap;high_mileage;avarage
